/*
Navicat MySQL Data Transfer

Source Server         : ROOT
Source Server Version : 50624
Source Host           : localhost:3306
Source Database       : blogs

Target Server Type    : MYSQL
Target Server Version : 50624
File Encoding         : 65001

Date: 2018-03-23 15:15:56
*/

SET FOREIGN_KEY_CHECKS=0;

-- ----------------------------
-- Table structure for act_evt_log
-- ----------------------------
DROP TABLE IF EXISTS `act_evt_log`;
CREATE TABLE `act_evt_log` (
  `LOG_NR_` bigint(20) NOT NULL AUTO_INCREMENT,
  `TYPE_` varchar(64) COLLATE utf8_bin DEFAULT NULL,
  `PROC_DEF_ID_` varchar(64) COLLATE utf8_bin DEFAULT NULL,
  `PROC_INST_ID_` varchar(64) COLLATE utf8_bin DEFAULT NULL,
  `EXECUTION_ID_` varchar(64) COLLATE utf8_bin DEFAULT NULL,
  `TASK_ID_` varchar(64) COLLATE utf8_bin DEFAULT NULL,
  `TIME_STAMP_` timestamp(3) NOT NULL DEFAULT CURRENT_TIMESTAMP(3) ON UPDATE CURRENT_TIMESTAMP(3),
  `USER_ID_` varchar(255) COLLATE utf8_bin DEFAULT NULL,
  `DATA_` longblob,
  `LOCK_OWNER_` varchar(255) COLLATE utf8_bin DEFAULT NULL,
  `LOCK_TIME_` timestamp(3) NULL DEFAULT NULL,
  `IS_PROCESSED_` tinyint(4) DEFAULT '0',
  PRIMARY KEY (`LOG_NR_`)
) ENGINE=InnoDB DEFAULT CHARSET=utf8 COLLATE=utf8_bin;

-- ----------------------------
-- Records of act_evt_log
-- ----------------------------

-- ----------------------------
-- Table structure for act_ge_bytearray
-- ----------------------------
DROP TABLE IF EXISTS `act_ge_bytearray`;
CREATE TABLE `act_ge_bytearray` (
  `ID_` varchar(64) COLLATE utf8_bin NOT NULL DEFAULT '',
  `REV_` int(11) DEFAULT NULL,
  `NAME_` varchar(255) COLLATE utf8_bin DEFAULT NULL,
  `DEPLOYMENT_ID_` varchar(64) COLLATE utf8_bin DEFAULT NULL,
  `BYTES_` longblob,
  `GENERATED_` tinyint(4) DEFAULT NULL,
  PRIMARY KEY (`ID_`),
  KEY `ACT_FK_BYTEARR_DEPL` (`DEPLOYMENT_ID_`),
  CONSTRAINT `ACT_FK_BYTEARR_DEPL` FOREIGN KEY (`DEPLOYMENT_ID_`) REFERENCES `act_re_deployment` (`ID_`)
) ENGINE=InnoDB DEFAULT CHARSET=utf8 COLLATE=utf8_bin;

-- ----------------------------
-- Records of act_ge_bytearray
-- ----------------------------
INSERT INTO `act_ge_bytearray` VALUES ('12502', '1', 'leaveActiviti.bpmn', '12501', 0x3C3F786D6C2076657273696F6E3D22312E302220656E636F64696E673D225554462D3822207374616E64616C6F6E653D22796573223F3E0D0A3C646566696E6974696F6E7320786D6C6E733D22687474703A2F2F7777772E6F6D672E6F72672F737065632F42504D4E2F32303130303532342F4D4F44454C2220786D6C6E733A61637469766974693D22687474703A2F2F61637469766974692E6F72672F62706D6E2220786D6C6E733A62706D6E64693D22687474703A2F2F7777772E6F6D672E6F72672F737065632F42504D4E2F32303130303532342F44492220786D6C6E733A64633D22687474703A2F2F7777772E6F6D672E6F72672F737065632F44442F32303130303532342F44432220786D6C6E733A64693D22687474703A2F2F7777772E6F6D672E6F72672F737065632F44442F32303130303532342F44492220786D6C6E733A746E733D22687474703A2F2F7777772E61637469766974692E6F72672F746573746D313531393434313435313639372220786D6C6E733A7873643D22687474703A2F2F7777772E77332E6F72672F323030312F584D4C536368656D612220786D6C6E733A7873693D22687474703A2F2F7777772E77332E6F72672F323030312F584D4C536368656D612D696E7374616E6365222065787072657373696F6E4C616E67756167653D22687474703A2F2F7777772E77332E6F72672F313939392F5850617468222069643D226D3135313934343134353136393722206E616D653D2222207461726765744E616D6573706163653D22687474703A2F2F7777772E61637469766974692E6F72672F746573746D313531393434313435313639372220747970654C616E67756167653D22687474703A2F2F7777772E77332E6F72672F323030312F584D4C536368656D61223E0D0A20203C70726F636573732069643D224C454156455F414354495649544922206973436C6F7365643D2266616C73652220697345786563757461626C653D227472756522206E616D653D22E8AFB7E58187E6B581E7A88B222070726F63657373547970653D224E6F6E65223E0D0A202020203C73746172744576656E742069643D22737461727422206E616D653D22E5BC80E5A78B222F3E0D0A202020203C656E644576656E742069643D22656E6422206E616D653D22E7BB93E69D9F222F3E0D0A202020203C757365725461736B2061637469766974693A6578636C75736976653D2274727565222069643D226170706C7922206E616D653D22E58F91E8B5B7E794B3E8AFB7222F3E0D0A202020203C757365725461736B2061637469766974693A61737369676E65653D2261646D696E222061637469766974693A6578636C75736976653D2274727565222069643D2261646D696E4175646974696E6722206E616D653D22E7AEA1E79086E59198E5AEA1E689B9222F3E0D0A202020203C757365725461736B2061637469766974693A61737369676E65653D22737570657261646D696E222061637469766974693A6578636C75736976653D2274727565222069643D22737570657261646D696E4175646974696E6722206E616D653D22E8B685E7BAA7E7AEA1E79086E59198E5AEA1E689B9222F3E0D0A202020203C73657175656E6365466C6F772069643D225F31352220736F757263655265663D22737461727422207461726765745265663D226170706C79222F3E0D0A202020203C73657175656E6365466C6F772069643D225F3322206E616D653D22E5BC80E5A78BE5AEA1E689B9E6B581E7A88B2220736F757263655265663D226170706C7922207461726765745265663D2261646D696E4175646974696E67222F3E0D0A202020203C6578636C7573697665476174657761792067617465776179446972656374696F6E3D22556E737065636966696564222069643D226E6578745F3122206E616D653D22E4B88BE4B880E6ADA5222F3E0D0A202020203C73657175656E6365466C6F772069643D225F352220736F757263655265663D2261646D696E4175646974696E6722207461726765745265663D226E6578745F31222F3E0D0A202020203C73657175656E6365466C6F772069643D225F3622206E616D653D22E698AF2220736F757263655265663D226E6578745F3122207461726765745265663D22737570657261646D696E4175646974696E67223E0D0A2020202020203C636F6E646974696F6E45787072657373696F6E207873693A747970653D2274466F726D616C45787072657373696F6E223E3C215B43444154415B247B666C61673D3D27796573277D5D5D3E3C2F636F6E646974696F6E45787072657373696F6E3E0D0A202020203C2F73657175656E6365466C6F773E0D0A202020203C73657175656E6365466C6F772069643D225F322220736F757263655265663D22737570657261646D696E4175646974696E6722207461726765745265663D22656E64222F3E0D0A202020203C73657175656E6365466C6F772069643D225F3422206E616D653D22E590A62220736F757263655265663D226E6578745F3122207461726765745265663D22656E64223E0D0A2020202020203C636F6E646974696F6E45787072657373696F6E207873693A747970653D2274466F726D616C45787072657373696F6E223E3C215B43444154415B247B666C61673D3D276E6F277D5D5D3E3C2F636F6E646974696F6E45787072657373696F6E3E0D0A202020203C2F73657175656E6365466C6F773E0D0A20203C2F70726F636573733E0D0A20203C62706D6E64693A42504D4E4469616772616D20646F63756D656E746174696F6E3D226261636B67726F756E643D233343334634313B636F756E743D313B686F72697A6F6E74616C636F756E743D313B6F7269656E746174696F6E3D303B77696474683D3834322E343B6865696768743D313139352E323B696D61676561626C6557696474683D3833322E343B696D61676561626C654865696768743D313138352E323B696D61676561626C65583D352E303B696D61676561626C65593D352E30222069643D224469616772616D2D5F3122206E616D653D224E6577204469616772616D223E0D0A202020203C62706D6E64693A42504D4E506C616E652062706D6E456C656D656E743D224C454156455F4143544956495449223E0D0A2020202020203C62706D6E64693A42504D4E53686170652062706D6E456C656D656E743D227374617274222069643D2253686170652D7374617274223E0D0A20202020202020203C64633A426F756E6473206865696768743D2233322E30222077696474683D2233322E302220783D2234302E302220793D223139302E30222F3E0D0A20202020202020203C62706D6E64693A42504D4E4C6162656C3E0D0A202020202020202020203C64633A426F756E6473206865696768743D2233322E30222077696474683D2233322E302220783D22302E302220793D22302E30222F3E0D0A20202020202020203C2F62706D6E64693A42504D4E4C6162656C3E0D0A2020202020203C2F62706D6E64693A42504D4E53686170653E0D0A2020202020203C62706D6E64693A42504D4E53686170652062706D6E456C656D656E743D22656E64222069643D2253686170652D656E64223E0D0A20202020202020203C64633A426F756E6473206865696768743D2233322E30222077696474683D2233322E302220783D223735352E302220793D223138302E30222F3E0D0A20202020202020203C62706D6E64693A42504D4E4C6162656C3E0D0A202020202020202020203C64633A426F756E6473206865696768743D2233322E30222077696474683D2233322E302220783D22302E302220793D22302E30222F3E0D0A20202020202020203C2F62706D6E64693A42504D4E4C6162656C3E0D0A2020202020203C2F62706D6E64693A42504D4E53686170653E0D0A2020202020203C62706D6E64693A42504D4E53686170652062706D6E456C656D656E743D226170706C79222069643D2253686170652D6170706C79223E0D0A20202020202020203C64633A426F756E6473206865696768743D2235352E30222077696474683D2238352E302220783D223138302E302220793D223138302E30222F3E0D0A20202020202020203C62706D6E64693A42504D4E4C6162656C3E0D0A202020202020202020203C64633A426F756E6473206865696768743D2235352E30222077696474683D2238352E302220783D22302E302220793D22302E30222F3E0D0A20202020202020203C2F62706D6E64693A42504D4E4C6162656C3E0D0A2020202020203C2F62706D6E64693A42504D4E53686170653E0D0A2020202020203C62706D6E64693A42504D4E53686170652062706D6E456C656D656E743D2261646D696E4175646974696E67222069643D2253686170652D61646D696E4175646974696E67223E0D0A20202020202020203C64633A426F756E6473206865696768743D2235352E30222077696474683D2238352E302220783D223335352E302220793D223138302E30222F3E0D0A20202020202020203C62706D6E64693A42504D4E4C6162656C3E0D0A202020202020202020203C64633A426F756E6473206865696768743D2235352E30222077696474683D2238352E302220783D22302E302220793D22302E30222F3E0D0A20202020202020203C2F62706D6E64693A42504D4E4C6162656C3E0D0A2020202020203C2F62706D6E64693A42504D4E53686170653E0D0A2020202020203C62706D6E64693A42504D4E53686170652062706D6E456C656D656E743D22737570657261646D696E4175646974696E67222069643D2253686170652D737570657261646D696E4175646974696E67223E0D0A20202020202020203C64633A426F756E6473206865696768743D2235352E30222077696474683D2238352E302220783D223539352E302220793D223137302E30222F3E0D0A20202020202020203C62706D6E64693A42504D4E4C6162656C3E0D0A202020202020202020203C64633A426F756E6473206865696768743D2235352E30222077696474683D2238352E302220783D22302E302220793D22302E30222F3E0D0A20202020202020203C2F62706D6E64693A42504D4E4C6162656C3E0D0A2020202020203C2F62706D6E64693A42504D4E53686170653E0D0A2020202020203C62706D6E64693A42504D4E53686170652062706D6E456C656D656E743D226E6578745F31222069643D2253686170652D6E6578745F31222069734D61726B657256697369626C653D2266616C7365223E0D0A20202020202020203C64633A426F756E6473206865696768743D2233322E30222077696474683D2233322E302220783D223532302E302220793D223331302E30222F3E0D0A20202020202020203C62706D6E64693A42504D4E4C6162656C3E0D0A202020202020202020203C64633A426F756E6473206865696768743D2233322E30222077696474683D2233322E302220783D22302E302220793D22302E30222F3E0D0A20202020202020203C2F62706D6E64693A42504D4E4C6162656C3E0D0A2020202020203C2F62706D6E64693A42504D4E53686170653E0D0A2020202020203C62706D6E64693A42504D4E456467652062706D6E456C656D656E743D225F3135222069643D2242504D4E456467655F5F31352220736F75726365456C656D656E743D2273746172742220746172676574456C656D656E743D226170706C79223E0D0A20202020202020203C64693A776179706F696E7420783D2237322E302220793D223230362E30222F3E0D0A20202020202020203C64693A776179706F696E7420783D223138302E302220793D223230372E35222F3E0D0A20202020202020203C62706D6E64693A42504D4E4C6162656C3E0D0A202020202020202020203C64633A426F756E6473206865696768743D22302E30222077696474683D22302E302220783D22302E302220793D22302E30222F3E0D0A20202020202020203C2F62706D6E64693A42504D4E4C6162656C3E0D0A2020202020203C2F62706D6E64693A42504D4E456467653E0D0A2020202020203C62706D6E64693A42504D4E456467652062706D6E456C656D656E743D225F32222069643D2242504D4E456467655F5F322220736F75726365456C656D656E743D22737570657261646D696E4175646974696E672220746172676574456C656D656E743D22656E64223E0D0A20202020202020203C64693A776179706F696E7420783D223638302E302220793D223139372E35222F3E0D0A20202020202020203C64693A776179706F696E7420783D223735352E302220793D223139362E30222F3E0D0A20202020202020203C62706D6E64693A42504D4E4C6162656C3E0D0A202020202020202020203C64633A426F756E6473206865696768743D22302E30222077696474683D22302E302220783D22302E302220793D22302E30222F3E0D0A20202020202020203C2F62706D6E64693A42504D4E4C6162656C3E0D0A2020202020203C2F62706D6E64693A42504D4E456467653E0D0A2020202020203C62706D6E64693A42504D4E456467652062706D6E456C656D656E743D225F33222069643D2242504D4E456467655F5F332220736F75726365456C656D656E743D226170706C792220746172676574456C656D656E743D2261646D696E4175646974696E67223E0D0A20202020202020203C64693A776179706F696E7420783D223236352E302220793D223230372E35222F3E0D0A20202020202020203C64693A776179706F696E7420783D223335352E302220793D223230372E35222F3E0D0A20202020202020203C62706D6E64693A42504D4E4C6162656C3E0D0A202020202020202020203C64633A426F756E6473206865696768743D22302E30222077696474683D22302E302220783D22302E302220793D22302E30222F3E0D0A20202020202020203C2F62706D6E64693A42504D4E4C6162656C3E0D0A2020202020203C2F62706D6E64693A42504D4E456467653E0D0A2020202020203C62706D6E64693A42504D4E456467652062706D6E456C656D656E743D225F34222069643D2242504D4E456467655F5F342220736F75726365456C656D656E743D226E6578745F312220746172676574456C656D656E743D22656E64223E0D0A20202020202020203C64693A776179706F696E7420783D223535322E302220793D223332362E30222F3E0D0A20202020202020203C64693A776179706F696E7420783D223737302E302220793D223330352E30222F3E0D0A20202020202020203C64693A776179706F696E7420783D223737302E302220793D223231312E39363837313934323236373133222F3E0D0A20202020202020203C62706D6E64693A42504D4E4C6162656C3E0D0A202020202020202020203C64633A426F756E6473206865696768743D22302E30222077696474683D22302E302220783D22302E302220793D22302E30222F3E0D0A20202020202020203C2F62706D6E64693A42504D4E4C6162656C3E0D0A2020202020203C2F62706D6E64693A42504D4E456467653E0D0A2020202020203C62706D6E64693A42504D4E456467652062706D6E456C656D656E743D225F35222069643D2242504D4E456467655F5F352220736F75726365456C656D656E743D2261646D696E4175646974696E672220746172676574456C656D656E743D226E6578745F31223E0D0A20202020202020203C64693A776179706F696E7420783D223434302E302220793D223230372E35222F3E0D0A20202020202020203C64693A776179706F696E7420783D223532302E302220793D223332362E30222F3E0D0A20202020202020203C62706D6E64693A42504D4E4C6162656C3E0D0A202020202020202020203C64633A426F756E6473206865696768743D22302E30222077696474683D22302E302220783D22302E302220793D22302E30222F3E0D0A20202020202020203C2F62706D6E64693A42504D4E4C6162656C3E0D0A2020202020203C2F62706D6E64693A42504D4E456467653E0D0A2020202020203C62706D6E64693A42504D4E456467652062706D6E456C656D656E743D225F36222069643D2242504D4E456467655F5F362220736F75726365456C656D656E743D226E6578745F312220746172676574456C656D656E743D22737570657261646D696E4175646974696E67223E0D0A20202020202020203C64693A776179706F696E7420783D223535322E302220793D223332362E30222F3E0D0A20202020202020203C64693A776179706F696E7420783D223633382E302220793D223236352E30222F3E0D0A20202020202020203C64693A776179706F696E7420783D223633382E302220793D223232352E30222F3E0D0A20202020202020203C62706D6E64693A42504D4E4C6162656C3E0D0A202020202020202020203C64633A426F756E6473206865696768743D222D34312E30222077696474683D22302E302220783D22302E302220793D2233382E30222F3E0D0A20202020202020203C2F62706D6E64693A42504D4E4C6162656C3E0D0A2020202020203C2F62706D6E64693A42504D4E456467653E0D0A202020203C2F62706D6E64693A42504D4E506C616E653E0D0A20203C2F62706D6E64693A42504D4E4469616772616D3E0D0A3C2F646566696E6974696F6E733E0D0A, '0');
INSERT INTO `act_ge_bytearray` VALUES ('12503', '1', 'leaveActiviti.LEAVE_ACTIVITI.png', '12501', 0x89504E470D0A1A0A0000000D494844520000031D000001600806000000DEBA14A5000032E64944415478DAEDDD09789D659938EEC8A6A28CE232CAA0E236FCC141C515141D8BA252A4C52D0939494A14A6ACA52D854159A4C8A02865E982888A55415119C70590AD495806418B08CAA2A02C3F40B0A0080C8BA09EFFF39C7E5F3C3D246DD3A46996FBBEAEE73ADB97739237EFF9CEFB9C776B6A5A0373E7CE5D6FC5DBDFDD68E5C7F76EB0D2C717F73E63F0BFC3CA9F1300001865AAD5EA8723DA232A112DF757AB8795D7175EFAD74BE2F295E5B1B3E6F71C34FB94DE5797B767CEEF3971CEA2EE2D064A4CF2D8D90B7BF61BE8B5672DEC392D138FD90BBADF97C7E6CFCE9EDF33BDFE98190B2E7BE1EC053DEFEAFB99932EDB6CD6FCDEC36BCF7FD292BEDF2D7F8FD9F37BF79835BFFBE099272F794BBE6EEDD88C05BDED079D72E94BFDB70100601D9AB5A0FBCBD1B8FF7C36FAF37ABFC7CCEF3EB9AF91BFB077ABB8DD190DFC17351CD3397B41EF4ECBA3FB7DD9E02F6FE7F3D6F78E4412F3C94C06CAE7CDE79CB9B0B7B5BFD72D928A9D672DE85954BEC6AC85BD1FDC7FD192E72F4F767A37C8DF7FF9F5EF6E347B61F73EF5C991FF300000AC43FB9DD2FBEC532E79E2B24C38662EEC997AD6CDD5B3672F58F2CEF2F14C0C2219D8331AFC1FCEDE8E03E7F7BCA9EC91C8067EADC762EEDCF56AD72321287F2E1AFE1F2B7B423239291384D927766FBE3C21E939F7A0F93DBB64CF45F668D49EFFA4DE6D23399995C76412B2FC79E7AE77E0FCDE6D6A3D18C5EF35736177735F5271F292D72D4F6A7ABE90BF672D3959D873645FB213C98DFF320000AC0339B4A95AADEE14B1CFB9CBAA8B1FA856E7C4F51745A37F710EB19A77FE9FAE2E8FCD467CAD81BFA0E7D848188ECBE14B07CD5FB263ADA7228E2F7B3C662EEADD351382E54940EF8FFA1AFE9198D4BF762DF158D8BD4F0E918AC7BF5BFBB905DDF3F26733B9C8636ABD1BF95AF1F3334FEED92E7B3CB277231FCFC4249E738732F1C9E79939BFE79BB5DF75D192B76522D5F75AF1F3FEDB0000B00E4462B17DC4CB23DE9C0940261F39B722E74514F7BF35872D1589455B2D4158D8FDB19C27513EC7BE5FB87CD3FA2156B55E8A9CA351EB61E83EF91FBD0DDD0797C764EF462608F99A99F844B271C0F284A67B5EE364F57CCD4C226A894C242A65B2513FCFA3F6BAF37B0FCFC4282FB3E763F9DC8F9E83F2327B3EFCB70100601DC95E82132EF8F3CF22C1A8F54EDC51AD1EF5833BAB67E6A4ECFA44A236FC6961EF519914E470A56CF4E750A7B83CBAEC71589E38F41CDB77BD984B918F670FC53F928E253B664290AF9D0948462DC128E664D49BB9A0F7D0E58F751F97C7678292F344EA7B32662C58F29AFC3D32B9282797D78E5DD8BBE78C053FFEA7C6440600001841916CEC72EE1FABA7F72518910C2CAB563FD138413C1BFFB316F45C903D1BF513CAB3B15FDFA82F7B377242785C1E534CF83E2A7B29567CBEEE79B59F5FD8FDB19CEB917336FA56A5AAAD64559B2BB2207B58CA442793975A2F49F1B3CB138ADE0D6AC9463C4FFE4CDECEA15AB59E8FF899BCDEF8DA0000C008997EDA391B7FFFAEEA1991781C500E833AFDE7D51FE75C8CFAE38A21579DB509DBCB5790FAC23F56A4EAF9427FCF9D3D1BF53D20A54C5A962F93DB73742DF958D87D566DC5AC383613954C40CA49EA995CE4F1B509EE9104E5EF505B4237876545729113CFF3F1DAEB2DE859B44252B3B077CF5A1212AF55DF2B0200008C90E5FB5F2C79673964AA2FC158D8B35FFD5E1939993B57AB2A6FE7B1D9A0EF4B2E16F4B6F7F7FC393C6BA0CD03F335CB84A47CEE4C0C32E9A845D1CB92CF913D207DAB5E1543BE8A39229DF53D189988E4FC8DECD9A8AD88150949AD576461CFD4FABD4500000000000000000000000000000000000000000000000000000000000000000000000000000000000000000000000000000000000000000000000000000000000000000000000000000000000000000000000000000000000000009848662DE8FEF2EC05BD3B9591B7950A0000302CE6CEFDEE46B316F49C5E261C3317F64C8DA4A34DC9000000C362F6FCDE9D0F9ADFB34B797BD6C2DE0F66F2A1640000806131736177F3CC45BDBBF6F5742CE83D347B3FA69F76CEC64A070000586307CEEFDD66F682EEF72D8FDE9D66CDEF3DBC6E4E47DBCC85BD7B2A2500006048B23763F6FCEE33F27AD9C3B1DF29BDCF3E68FE921D950E00003064B31674CFCA89E3C5F5C5FB2F5AF2FC32940E000030B4846361CF0E39B46ACEC2DEAD960FADEA3E6EEEDCDE0DCAC7B3D743290100006BE4A0532E7DE98C054B5EF38F0463EE7AB96AD5CC05DDF372B8D5CCF93D27E6302B25050000000000000000000000000000000000000000000000000000000000000000000000000000000000000000000000000000000000000000000000000000000000000000000000000000000000000000000000000000000000000000000000000000000000000000000000000000000000000000000000000000000000000000000000000000000000000000000000000000000000000000000000000000000000000000000000000000000000000000000000000000000000000000000000000000000000000000000000000000000000000000000000000000000000000000000000000000000000000000000000000000000000000000000000000000000000000000000000000000000000000000000000000000000000000000000000000000000000000000000000000000000000000000000000000000000000000000000000000000000000000000000000000000000000000000000000000000000000000000000000000000000000000000000000000000000000000000003062AAD5EA06B7DE7AEBD9575D75D5DFBABBBBAB175F7CB1588358B26449F5B2CB2EBB3FA243AD0200803A99705C7EF9E5D565CB9655FFF297BF8821C47DF7DD57BDF4D24B1F8C04E4A36A16000014B28743C231AC89C75F2EBEF8E29BD42C000028E4902AC9C2F046241D4FAA59000050C8F9081285614F3AAA6A1600000C32E9F8BF3FDF53BD75E9E2EA0D4B3E5D8BBC9EF74932241D000030E4A4E3E107EEAE5E7FE191D5EBCE3B6485C8FBF2318986A4030000869474DC79C38F9E92709471D70DE74834241D000030B4A4E3A6DECF0D9874E463120D490700000C29E9B8FEE2B903261DF9984443D2B1B64D9A346983B6B6B69D77DF7DF76322CE8FB829E2C9886A1177C6E317477C36A2A3ABABEB194A0D06605758BBC2AABBEAAEBA8BA443D2C13F343737BF38128AB99148FCB62EC1589DB827E2D488972B4568605758BBC2AABB42DD6534261DB95AD54049473EE6BD2BE9186ED9B3D1DADAFA894AA5F2C820938DC678327B3FF47C401DBBC2DA1556DD15EA2EA331E9B8E58A4503261DF998F7ADA46338353737BF3A1285EB1A1388FDF6DBAF7ADA69A755E333A77AF7DD77571F7BECB16ACACBFC0CFAF9CF7F5EFDFAD7BF5E9D356BD653928F48607E11B18DD28526BBC2DA1556DD15EA2EA333E9F8E3DDBFAC5E7FD1514F1D5A15F7E563DEB3928EE11289C1F6EDEDEDF7D5270C871C72482DA1F8EB5FFF5A5D5DD75E7B6DF5B0C30E6B4C3E1E8EE7DF5529E3C46F5758277E7557A8BB8CD2F7EF6D577FE3294947DEE7FDEAFD3B9C0947A55279B44C1222F9A89E73CE39834A361A5D70C105D5AEAEAE15865B493C70E2B72BAC13BFBA2BD45D46E3FBF7F1C7ABB7FCE4D4A70EAD8AFBF231EF59EFDFA1CA21559170FCA97E28D5CD37DF5C1D0EB7DF7E7B75C68C198D3D1E865AE1C46F5758277E7557A8BB8C96F76FBE3F6FBE62E180733AF231EF61EFDFA12896C3BDAE3EE1C8391AC3299FAF3EF1C8391E2697E3C46F5758277E7557DD557759D7EFDFC71FAFDE734B4FF557171C36E07BB78C3C268FD5EBE1FDBB267295AAFA2155C3D5C3D15F8F47C350ABE3953E4EFC768575E25777D55D5847EFDF55F56EE8F5F0FE1D2EB90F47FDB2B83987636DCA391EF5F33B725897FF024EFC366872E25777D55D5807EFDFD5E9DD5859AF87F7AFF7EFEACA8DFFEA57A97AE28927AA6BDBA1871E5A9F789C3AA10A3CFEFE675C78E185B3172D5AF4D3E38F3FFECF73E6CC79B2ECFEE9E8E8F8FBECD9B31FFFD4A73EF5BBA38F3EFA7F0E3CF0C01D55510D370D37277E7557DD85B5F5FE5DD384A30CEF5FEFDFD551CCE5E8DB693C97C51D09BFFCE52F57D8B9BCB9B9F9D9E3BEB07FFFFBDFBFE98C33CEB862E6CC997FCB49338B172FAE6D7872CF3DF7F46D7892195F4E7E59BA7469F5CC33CFACEEBBEFBE7F9F3163C61F0F3BECB04F4F8842D270B32BAC13BFBAABEEC23A7DFF0AEFDFC1686F6F7F496B6BEB97F37265C7E5D2B5F593C787B234EE60D56F2018894FC778EED978766F6FEF45071C70C0DFE7CD9B57CBB806D39D74C30D3754172D5A54DD6BAFBD1E39E8A083AC353C814EFC768575E25777D55D907478FF8E66D1907F79396722872FE5ED018E3BA66CF87FE52B5FA98EA4FC22BF2EE9F8ECB8EDDD983F7FFE839961E56E8943F1EB5FFFBA7AE08107FE75EFBDF73ED7B25F13E3C46F5758277E7557DD054987F7EF68966DD2869DC033F9585CA954B66D483ACE2F8FC9913E23298772D5FD7EBDE3EE9FF0F0C30FBFEB88238E7862C18205D5871E7A68580A2D8761C5F33DB9FFFEFB5F6AB8D5C438F1DB15D6895FDD557741D2E1FD3BCA7B3BAAFD455B5BDBC511EF288EB9A5BC3FA7168CA49CBA50F77BDD39EE7A3832E1F8FCE73FBF56C6AC9D7AEAA94FECBDF7DE4B72528E53E8383EF1DB15D6895FDD557741D2E1FD3B46938EBAC85E8EBF96B7CBB9CC23255FAFFEF71937059F7338724855F670ACCD4932279F7CF2A31D1D1D6739858ECF13BF5D619DF8D55D7517241D63E3FDDBDCDCBCFEE4C9939F3E65CA948DA74E9DBA49A552D9B4ADADED05B92F45C4E6112F8BFB5E19F1AFADADAD5B476C93C38F22DE14F1D66808BF3DE29D2D2D2D3B46EC14F7BD3F6E7F20626A1CFBE188E6B6E53A22F688FBF78C981ED7F78B9811312B6E1F1C71681C7B78C4A7E2BEA3E3F6B111C7C5ED791127C5F585115F88382DE2F488AFC57167469C15F1DDB8FD3F113F8C63CF8BB820AE2FC9E148119745FC24E2A7113F8FB836E257113745DCBC1A49C7DFEB6FAF0BE332E9C849E3398763B88654AD2C6BDB6FBFFD1E8CC29BE4343A8E4EFC7685D5705377D55D90748C9988C67AB5F816FFF18847E2F64371F9A788FB7289D688BB22EE88F85DD140BF311BECD1A8FF455C5E5D34E4AFC8867DFC6C4F0E492A1AFCE7660210F1BD4C08323188EB6764A210F1954C1CE2B85322161409C5F19960C471FF950947261E71FBB04C44E2F69C4C4CE2BE0322F6CD8425E2E399C0C4EDF688DD33B189FB3E94894E243DBB64E2930950B63333218A63DF9609521CF7C688D767E214F76D9589D44A928D6B3269CA64AC98EBA1A763B8E4B0AA5CA52A57A81A0939B9BCBDBDFD5EF33BC6C789DFAEB01A6EEAAEBA0B633DE98897A97EE73BDFE9F7B11B6FBC71C53D7DAEBFBE767CB49F9E3A2FECB6DBBC7FC78822B95A61DE444457FD3400733A8659EEC391CBE28EA4638E3926375A39D8A974EC9FF8ED0AEBC4AFEEAABB301E928E689B54EFB8E38EEAF7BEF7BDDAED0F7DE843D51FFEF087B5EB175D74D10AC71E75D451D57BEFBDB77AF6D967D76EEFB5D75E7DC7E6D2AADEBF6322E9B8ADDC7C2F7B53FAFB32DCEA55C328771ACF8DFF46AA97A374D34D37FDA552A9DC6152F9D83FF1DB15D6895FDD557761AC261DE79D775E5FB2D0D2D252FDD9CF7ED69758E43E098DBD20D95ECADB39F4252FCB5E8F4C56BEF5AD6FD51216EFDF3193745C9EC3B756B6A5837D3A86F78D7CF048EFB0588A7FF2B2C82CB7773A5DF75637F933AED6895FA345A8BB8CD79E8E4C387208F815575C517DD6B39E55BDEBAEBBAA5FFCE2176B8F3DF8E083D53BEFBCB376FD1BDFF84675ABADB6AA7EE0031FE8FBD92BAFBCB2EF39F2BAF7EFF868FB4463FF83EB6A47F2993367FE7D5CED48BE68D1A29F2E5EBC789DCCC83FE9A493721581639C4E4745B67FD3EA54680D37277E8D16A1EE325EDEBF995444C3B3AFA7E3AB5FFD6A75871D76A87EE4231F59A19E67B251DE3EE79C736A89491E5FCEDFC8EB79DCF7BFFFFDEA0B5EF082EADBDEF636EFDF71949814733D6A8DFF1CF23412B247AD6E68D53DE3621EF4F1C71FFFE7911EA356BAF2CA2BF39F78B62A3D2A928EB262DF92AB410C94FD6BB839F18F36F59B38493AD45D241D838D2DB6D8A27AF9E597D712874C2E3291C8EB53A64CA92523D9AB513E96C7E73C8EBC7DEDB5D7F64D1CCFDBF9195A26205FFBDAD7BC7FC7571BE9F8B29D74C821878C486FC761871D569F749C3A2E0A72CE9C394F8EF46CFCD2FDF7DFFFC7FC865D751E5549472D7249BC885D35DC9CF8C74ADD2D966BDC5ED2A1EE22E918ECB0AA725EC676DB6DD7D7EB510E91CA15AACAA4238758E5F58C9CBB71E9A597565FF39AD7547B7B7BFB1291BCBCE5965BBC7FC791DCB7243E671E2E3F6FB2B76B6DBAE0820BEADB644FC6EBBF7A5C14646767E788AF3B5C7AE28927B2301F539D475FD251174BA331B7B3869B13FF18AABBE7F7D7F3A1EEAABB483A064A3A7265AABCCCB91CE57D65029293795FF4A217F51D7FDF7DF7F5F5706472D1544C22BFE69A6B6AD7E7CF9FEFFD3B3E3F6BFA2694B7B7B7576FBEF9E6B5D236BEFDF6DBAB7BECB147FDA684C78FAB0FEC75A928D0BF159BAFFC25E2D188FFCB4D6A5A5B5B1F88EBD91BB22CE2DE88DF17E3EAEE289639FB6DB1614DCE47B8A1D86532E7895C53B771CD9511FF5BEC4A794944777E231A971746FC3837B189D7F951C4F7CB8D6CE2F2DB11DFCACD6CE2F6D7E37271B1A1CD97B28B2B37B5C9DD31E3B193E3F2C462C7CCCFE5CA02B9B94DDCF7E988B91147E60E9B71DF2723FE3397088EDB0745CC2C76E2DC2FEEDBA7D8EC66CFB8FF63B9E14DCEAD88DB9588D66237CF8F1413997287CF5D2326979BDFC4FDEF2E37C089DB3B949BE0C4ED37971BE1C49BE3B59125BF2637C389DB5B46BC2A6EBF228EDB221E7B491CFB2FABB12BE7D5F1F35334DC9CF8C74AC2DC38EC4ADD557791740C9474943D15C71E7BEC0A7334F27AF66E94FB749443AB3209B9FAEAABFB12967288D5C2850BFB7A41EA9F3F97DE1DE8B5D7E431EFDF91972B5C151B23F64D2ACF7D34867B5F8E030E38E06FF5A34E56B6B2D69893D9D43AECE9B83F7B3AE6CE9DBB5ECE218886F04611CFECECEC7CD6D4A9533789827E6EDC7E5EC40BA3F1F0A28E8E8ECDB2911CB75F163FF7F26C3CE78E92D998CE4675EE32998DEC78EC0D71FF9B8A1D28B7CFC678B12BE5BBB2919E8DF5B8FF7DD9788FFB3F908DE96CD4E7EE93C5CE96AD6DCB75C4ED69B9514C260511FF914942260BC5EE9833E3F6EC62C7CCFF8CDB9FC82423938D88A332F9289290CF645292D96ADC3E2193956227CE4C5E4ECDDD3933A989FBBF5AECD8993B777E33939F4C82E2B8FF2E92A2DCE1F39C4C9672D7CF2279EACEB59B8BA42A93AB9F14C9D6D2889F671216C7FEB248CA6E8AF84D91ACDD1A717B91C4DDBD1A49C7DFE339FEA6E1E6C43F867AE9FA7A3EF23CA0EEAABB483A1A238747652291D7B32D947B6EECB3CF3ED5E73CE739B57D388A5DA0AB9B6FBE79F581071EA81D570E9DDA74D34D6B13CAF377CB95ACCAE72C9391D1BE8295F7EFE0653BB37E9855261EC3D5E3913D1CF50947BE4EBEDEB82AC03973E63CB6AEE6744446778B391DA3BEE19609CDA4B579E2CFEEEC3CD9E75AE979A22E5707C90F83817E66C30D37AC6DC434D8D7CA954536DB6CB3011FCF6FB3CAC9818DDF3895EBB50F77AC46A3590C430CA5EE3615EBF737DE976BF2AFEA671B7727CE864B3654FA7B8D134F3CB17ADC71C7D5A21CB6510EF758D9EFB6AAE11C79CCC1071FDC773DDF5FF54B846AB430917B3A7C69C060E417D7F589470EB5CA73EA502697E71C8E8621554FF637AF76CC8B4CFEE675B57AD585175EF863AB578DDAA46344C6C5979B2B65C327BF29AA5F6630EF7FEF7BDFBBC2F18F3CF248F5E1871FAEAEBFFEFAB52EEDFCF6E98F7FFC63F5DDEF7E77AD9196894BAEAD5EFF33F513FA727C6EAE5452DECE154B065AAB3D9F6BDAB4692B2CA558EE525B7E33E6C43FAA13E6A579D22E57625BD3BA5BAECB9F752DEB4226ADB99A4D36F4730269593F729C774E38CDE434EB711EF3A52F7DA9F65826BB4DC58EC5E5EEC559971BEB5D3ED6785FFE6CE337B3F99A65DDCCDFAB1C7B9E9175F415AF78C5539EA7DC21B93E595ADDC449DD45D221E960E0C4A35CD52ABFB41CECB2B8471E7964E367D7C3E332E148C71C73CC59EB6A9F8E28E873ECD331EA1A6E67E77C90913AF16743A8A9183BDB548C5FEDEEEEAE452615B9036C5331492F8F2FBBB29FF9CC67D61A5A795CD9E59D71FEF9E7D7BAC51B1B5C6F7CE31B6B0DB27C736797F8E1871FDED7586CECC12893944C88B6D9669B15928EB5D1E3E1C43FEC49C70AC9C650EA6E2606E5D8EC4C36B2C1FFEFFFFEEFD5386FAEB49721EFCF7A535E2F57B4C96534B32EE7F54C501A7FE6939FFCE4537A3AB28EAFAC87E5E94F7F7AEDF8FA5EC07C9EBCFEBBDFFDAEAFFEE65E04E5FBA91C9F9ED7F3432F8783A8BB483A241DACBE6248FF2F1A3F8372C855B66D962E5D5ACD9144E51486BCCC391BF97990ED88FA8DFF1A560EDD66DC16DA8C1933DEBAEFBEFBFE7D1DEC48FE58A552B9C38EE4A3A6E176F6EA54F4E13EF167832727E965EF45D9A0CFEB8D916FD68CF276D9D391BBC1E69B3BBF8DCEFBB38B3337666A6CA46563ABBF9E8EFAC7B2215636D0F27AFDEB37153BD096D7D7B491E6C4BF56938E2B736ED670EF31938DFAC99327F7F52CE444D14C7867CD9AB5424F58D68FC6A4A3BE5ED7F774340EF1CBFA94BD6B8DF53E876695C94B19F97EC9557232692997F2CCF7405ECFA4BCBFE1838D3D1D997897BD7699A837354C7C55779174483A58B59CE45DAC6AF5D8108700E7624AC78FAB49E303896CEBBE6CFC8DA4ABAEBA2A8756DDB63A5BD033FE4FFCF98D727D8F44460E99CAA4A27E28D65BDEF296DA37BF471F7D742DB9C831F0E5AA23F9BBE5CFE7E4BFC1F474E4CF97CF5FFFCD740EAFCA84A4EC79C9C8DE8EBCACDF9DD6897F9D271DFDF66C0C47DD2D1BF5D9639097591FCB4423873DE550BEEC9128E70165A2500E9FCAA155D90B92D7730860D94351BFE67FF93AA79C724A6DA856D6ADEC0DC95E89ACC7793B8F6D9CDFD49804E76B964977E3F0C2F2F82DB7DCF229135CF3FAB6DB6EABEE22E990743004B98F477C0E9D54BF73F96AC63DB9A0502E8834610AEB88238E386ADEBC797F1FC9A463EFBDF7CEA15507ABAA4EFC19D9D0CA067EFDF8F56C101D7AE8A12B1C97DFCABEEE75AFAB767474D41A7EE538FAFA465C7E13BC263D1DFD8DAD6F2AD66AAFFF46BB718CBD13FFC4A8BB4D0D732ECA067FD6C9550DAF2A1391AC4779BD4C74EB8FEFEAEAAA5DCF64A23E71681A60AEC70E3BECD057273FFEF18FF7CD37D96DB7DD5698B354A9545658FEB3B17E37D67F75174987A48335935F7E155B1C64EFC7F911B7F49364F4165B2C7444B2F2EC095748D99D337DFAF4876FB8E1861149387EFAD39FE61E19B74DC8C276E21FB04197BD6DF98D7139193687B5341E97732CF29BD96C34E524F32953A6F48D7DCF6F93CB95AFD6A4A7A3F17729BFDDAE1F5A93B7FB9B7CEEC43F31928EEC69ABEFE9D864934D063C36EB4FCEDFA8EF41CB9E8E4C94CB394AFD251D79FDC0030F5C65D2519F3894094EE39CA6EC41ACEF65E9EF67B3AE97BFA3BA8BA443D2C1F029F6512BF78E7A8712291C70C0019367CC98F1C4430F3DB456138E471F7DF4DE4AA57273FD32AC4CEC137F367C727C7C793B27C1E67D8D4B8DD62710D9682A1B5A39913CEFCFE129E564EF934F3E7985D57E065ABDEAAEBBEEEAF73532E1291B6B39D445D2A1EE3615CBCE66925B4653DDF2B365E4D0A5BC3F13E29C1B948F977527EB5126D48D75A8A9582EB7ACCB39AC2A93E14C061AE77494C7E7F0C3C69E8E1C7258FF5E1A684E47CE1FC9A5789B8A451AF2F2FAEBAF57779174483A18DEA4A3B77EC35A2552679F7DF6F9C149279DF4F85A9C54FEF0BEFBEE9B7339CE50DA4EFC19D9F8C99D5DCBDB390E3E873395BBBAF6373FA35C09287B2C1A971D5D5534261D03352E73484A79BD7167D9C66F9D9DF8274ED2B1AA256DCBE5751B579CEA6FA9DAC684B71C2658AE4455D6F38CC62183030DE56A8CB257A5FCDDCB25AA9B8AFD70F23227A537D5EDE3A1EE22E9907430749164ECDC3887436F479D1C8B76C001075CB868D1A2BFAC85C4E3E1C30E3BEC3BB94AD284989DEFC4BFCAC806D1FBDFFFFE5A632B1B69D95351BF115AF674E4B7B64DC5B8F96C84D56FAA963F73D04107D5E677E49B3997DBCD637378497FBD24199940E4EBACECF7AA5F82B7A958C92A1B933979BDA91836E3C43F31938E7278557DCF57B9FC6C63E45E2E39143087E7E5B159477308555ECF7D3CCAB920B96041B96965E332BAE5EBE6128C2BFBBD1A7B5BEA231F6BAA9B3C5E9FA0E463394C317FC7FE7AFDD45D241D920ED6B897E3F27E268E9FA3641A128FE9D3A7FFF884134EF8BFFC1679B88654EDBFFFFE3971FC6CF3389CF88513FF58ACBB6B3AEF616DC7BAFCBDD45D7CF6F8ECA1DF84E3A303AD5855A954B655420D89476767E799FBECB3CF83D75D77DD5F873A69BC98C371861E0E277EE1C4AFEEAABBE0FDEBFD3BCE938E5F0D9474B4B5B59DA584FA2FB4491D1D1D777FEA539FBA35928FC10CB97A6CE9D2A5E7E71C915CA5CAA471277EE1C4AFEEAABBE0FDEBFD3BDE154BE6AE747F8E71BDEBF85064EF4414CE015188BF9D366DDAFDF3E6CDBBF6D24B2FBDE3DE7BEF5DF6C4134FD4328CB8BC7FD9B265B75C74D145171E79E491E7E44EE345B271B0E1544EFCC2895FDD5577C1FBD7FB77228836F32F566353C0B395D4AA7B3EDE1C7144760D15855A6EFB9E97376521E68627F1D8F6761A77E2174EFCEAAEBA0BC3A1BF15E1C490E2B178FF3EA966AD7DCDCDCD9B47FBF82E25011A6E1A6EEAAE507719E52EBBECB27B962D5BE67D374C71F7DD777F3BDEBF37A959239274BC2C928E3B940468B869B8A9BB42DD6594EBE9E9D9ED924B2EF9F31FFEF08747BDF786D6C39109C792254BEE88F8A89A352249C72B22E9B8554980869B869BBA2BD45DC6806824EF1A756E690E0BCABA371AE3ACB3CEAA8DD91FADBF5F51763749384634E97875D4895B940468B869B8A9BB42DD8561919BBF65D2615E2BA5D6D6D62DA34EFC464980869B869BBA2BD45D188EC6E5F6D1B87CB2D88B61672542512FB68E3A71A392000D370D377557A8BB301C8DCBEFD72D89BA548950D48B6D72B34025011A6E1A6EEAAE507761488A2D059E6CD8006E572543D483D7477DB8564980869B869BBA2BD45D186AD2714E3F1BC02D35B783A8076F88B8464980869B869BBA2BD45D184AA3F229BD1C65B4B5B57D5009A91F86DBC11AB02BAC5D61D55DA1EEC20A8DCAF3FB4B388AB852094DF8FAB15DC4554A0206C9AEB07685557785BA0B7D0DCA017B39CCEDA0A8236F8FB84249C020D915D6AEB0EAEEF88F871E7A48DD85D56B509EB3B284C34A56B4B5B5BD23EAC0E54A02D6C058D815760C845D61D5DD5119E79F7F7E75AFBDF6AA9E7EFAE9EA2EAC592262AE13F549C7BBA24E5CA22400E0A98DA61C3272577C58CE501A20E9604849C7BBA34E742B0900E847A552D9223E28AF8F0FCC93E7CE9DBB9E120149076B9474BC37EAC4454A020006D0DCDCFC9CF8B05C12F1832953A66CAC4440D2C1E0542A95F7B7B6B65EA024006025A64F9FBE6134A21647FCACADADED454A04241D0C2AE9D825928EF3940400AC5E43EAC8885BE3C3736BA501920E564F5B5BDB94386FFE484900C0EA7F78764483EA0F2D2D2D3B2A0D9074B05AE7CD0F46D2F17D25010083FB00CDE51FEF8D0FD1694A03241DAC5C9C2B3F1C75E27B4A0200069F786C151FA2BF8B98AB3440D2C14A938EE638677E574900C01AE8ECECFCE7685C5D15F18DE6E6E68D9408483AE837E9D83D928EB3940400ACA148369E99C306E203B5A7ABABEBB94A04241D3C25E9688F73E4994A02008620370E8C0FD413A2A17563C4CB9508920E49072BD487CEEC11561200303C1FACFB47DC5DA954DEAA349074405F7DE8CABD8E9404000C93D6D6D65DE3C375592E11A934907440AD3EEC19F115250100C39B78BC313E60EF8AC46396D240D281FAB0FBF488D39404000CFF87EC4B237E1509C8829CF3A14490743081EBC33E11A72A0900580BDADBDBFF293E682F8AC4E3479D9D9DCF5222483A98A0F521E7BB2D521200B0964C9A346983F8B03D3DE2EAE6E6E6172B11241D4CC0FA7060C47C2501006B596B6BEBE1F1A17B7B5B5BDBBF290D241D4CB0FA303BE2442501002320128EB6F8E0FD43C47B9406920E26D0B96F4E6B6BEB3C25010023D7187B67C4BDF101FC31A581A483099274FC679CF33EA724006004C587EF96D128FB6DC4314A0349071320E9F864D489CF2809001861CDCDCD2F8C0FE19FC487F199717D232582A483715C1F8EF0250B00AC235D5D5DCF880FE2B3232EA9542A9B2A11241D8C47ADADAD9F6A6B6B3B5A4900C0BAF3B4F830FE7CC4AF23F178A5E240D2C178930947261E4A0200D67D232D77ECFD7DC4764A034907E32CE9F8AF5C365C4900C02850A9547689C6DAB2F870FEB0D240D2C1384A3A3E1BE7B54F280900183D89C7B6D160BB33D7B5571A483A180F72B9DC5C36574900C028D2DEDEFE9268B45D171FD4A7343737AFAF44907430C6938E79BE4801805168EAD4A99BC407F505D1783B37128F672B11241D8CE1A4E3A4483A662909001885264D9AB44134DEBE14714D4747C7664A84D16EF2E4C94F2FF664A846B2FC4C254291742C88A46386920080D1FD81FD8968C4DDD1DEDEFE5AA5C168552C84704BC4F722E1789912A114756251C4FE4A020046FF87766BC41FDADADADEAB34184D22C17845D4CD1F46FC2612E4F72911FA397F9D9ACB822B090018035A5A5A76880FEE7B22F6541AAC6B5D5D5DCF88BA7854C47DD91B17C9C7464A8501928E1C26FA1F4A0200C6884AA5F2AFF1E17D73C4B171F3694A8475A1ADAD6D4AD4C1DFC5E577E3F2A54A8455241DA7477C5C4900C018326DDAB4E7C707F8FF467C2B27EE2A11464A6B6BEBAB7245B5889B5A5A5A765222AC66D2B138A24B4900C018530C6DF94EC465CDCDCDCF5322AC4DB91255D4B54FE750AADCE46DFAF4E91B2A150691747C23A2534900C0D8F4B4F8203FAE98C0FB2AC5C1DA10756BB7A863B7457C3B928FCD95086B90747C33A2A22400606C7FA04FCF09E66D6D6D6F531A0C9748305E1DF5EAC751AF6E686969D95189308473D4B773053E250100635CA552797F2EA9DBDADADAAC34188A2953A66C1C89C67F1543A9E6E426954A85A1C805079C9B0060FC7CB0BF2E1A8AFF2F3EDC0F511AAC89A83B1F8E3A747B0E87E9E8E8D84C89301C72C3C8AC5B4A0200C6891C731F1FEEBF88F8625C5F5F89B09AC9C696D130BC30E25791BCBE4B8930CC49C70F726E90920080F195783C3BC7E267E47525C2403A3B3B9F1549C6678BA154B30CA5622D251DE744D2B1AB920080F19778AC9FBD1DD9EB61C521FA9363EC73385E2E671A75E4C54A84B558D7CEAB542ABB28090018BF1FF68764C332E77B280D52D485ADA24E2C89B82EAEBF43893002E7A10B72B10B250100E3FB033FBFD1FE830FFD892D87DA4592F1F9A80BCBE27286393F8C60A27BB11DEC0160627CE8BF2DF7F2C83D3D94C6844C3CE35FBFFB9D118B3B3B3BFF598930C2E79F1E7BBD00C0C46978BE2A772FCF5DCCE3E6D394C88468ECFD5B36F8E27F7E4DC4DB9508EB42D4BD4BAC8A060013487373F3F3A2017059C477BABABA9EA144C6A7A953A76E128DBC138AA154FB194AC53A4E3A2E377F08002698C993273F3D1A01DF8AF8DF69D3A63D5F898C2FADADADEDF1BFBD2BE2F448365EA844180549C74F7288A792008089E769D1103836E2964AA5F2AF8A63EC6B6F6F7F6D34EC2E8DFFE9D511DB29114651D2F1D338CFBC554900C0C46D0CEC9913CC5B5A5A76501A6336D9F8A7D6D6D6937285B2887DE6CE9DBB9E5261949D679646BC594900C004D6D6D6F6DEA2C1DAAA34C65C63AE33E2EE882F192AC728AEA7B990C11B9404004C703934271A0577B4B6B67E42698C7EF17F7A7D4ECE8DF8595C7F8B126194271DD7D9A01400A8E9E8E8D8ACF846F24B93264DDA40898C3E5D5D5DCF8D246341FC8FEE8DF80F43A9182349C7F5B97CB39200006A72D7EA68209C1B0DDB0B72D95525326AE4C4FFAE6283C75373E96345C2184A3A6E8C73CAD64A0200A84F3CD68F06C2293924A2BDBDFD254A649D37D8DE904B8E465C59A954DEA444188375F837714ED9524900004FD1D6D636271A0B774643775BA531F2A2DC372D92BFECDDF878935DE419BB49C76FA32EBF4A490000FD8A86C2877357EB6800EFA23446CCD3CAA58C231665F2A14818E349C76D112F571200C0CA1A0CDB45FC3EF780501A6B570E9F8A72BE2AE20A3D4C8CA373C81DCDCDCD2F531200C0AA1AC3AF6C6B6BFB75341E8E6F32CC67D8E5C4F0D6D6D62F667217E5BC8732669C251D77451DDF5C490000AB93786C1A8D874B22CEEEEAEA7A861219BA5CF236CA737AB104EEFC68983D47A9300E938E7BA26EBF58490000AB251A0E1BB5B5B59D99AB29C5F5172A912125716F8D725C9A9BFCD9388D719E742C73BE0000D6A411714CB1228D65300729128C1744B97D39CAEFEE884E25C204385FDC3F6DDAB4E72B090060D0A2E1FCB16258D03B95C6AAE550AA28B37DA3BCFE109727B5B7B7FF935261829C2B1EE8EAEA7AAE920000D64834A0DF938DE8B6A03456DAE8DA3ECAE9E7392726AE6FA3449848E2F4F0D0D4A95337511200C0501A14FF168DE9DBA3317DB8D258518E638FB2393D57EF89A8281126A2A8FB8F4C993265632501000CB571FDE268585C9D0DEC4993266DA03C9AD78FB2D83F27D0463236CFB7BC4CF0A4E3712BDE0100C3A2B3B3F359D1C0FE5134302E9AC8F315E2EF7F7B94C32FDADADA7A22F9788D9A81A463F727A64F9FBEA1920000864531597A4134327E15F1D289F4B74792F1A2F89BBF16716744ABDA007D49C7DFF2DCA0240080E16E80CFCA790C9180BC71BCFFADC550AA038BA1549F8BDBCF560318EF3289C8443BF79889786F2EFF1C7170C4F11167648F67BC1F7E990B4D4454251D00C0DA4A3C3E5834C4771DAF7F632E171C715DFCAD17476CE5BFCE584F2472F183F6F6F6D7B6B4B4EC14EFDDF6A8D773223E1FF5FC1B1117465C5B2C95FD44F1FEFE65D6FF4C3472FE52C4219980C4E5FB225E9F894926E64A1700586B8A5DB77313BCFDC7D3DF554C9CCF6F73EF88F8A8FF34A3D8D38A0D29B72996B8AEC4F583B2572E8703C6E505390729AEDF532412F715C32397447C337EF68488FF8C63A6C5FBF9FD11DB66FD97480000A34A345C5E1E7163365E061A62918DA2B1F0B7E4CA5CF1B7CC2E1A669FC9C9F3FEC3AC8B442277F8CE850AE2BDF3EEDC27A7A897C7452C8E383FE29A22E1CF44E2FE38E486B8EC8EF856C48911874674C5FD3BC7E51B3A3A3A36B3F21C0030A6E56EC4B99A53346EBE170DA567D63FD6DEDEFE92B8FF964C4ED6E0A9476C97E3F8FDDF95DF0017DF0C6FE9BFCA708BF7C6F3A26E6DDDD2D2B2635CEE1E3133EADD6723BE1AD7CF2B3698CC3D5FFE12F1C72299EF89382BE2E438E613111F8B989CF3A9E2F936B76A140030D11A541B45C3E8EBD150BAAAB3B3F39FCB64A418CA518D3862904FB953443562ADCE1989DFEB5F8A6F876F8FF890FF248351A95436CDF93E45D2DA5A2C3AF09962D3C8738BFD6DEE2C12893F45DC14D11BF1ED88F9F1739F8CCB8F477C209EEB4D99A44B24000056DD889F1BF1BB6C8815C34032E1A8B6B6B63E9049C820128E07224E2A2E873DF1C8865DB11ACF7DF1BBFE971D9529653D8D24FAFF6B6969F9F7A81B2D1133B28E445DF94AC439114B23FE5F6E8A97F53A1EFB75C4A571FB3BC592D28745EC998B2CC4E59B7379E94CCA952C00C030CA49A9118F94094719D130DB6B1009479968EC3CDC8947314E3EC7C0FF381A83AFF61F1BFF7243CB1C3657AC48F6D1B87E405C1E13975F2E36BDFC69B170C0E3110F46FC26E2B2A827DF8DCB85D95397F537624A2EA010F5E66593274F7EBA92050058478A1E846A3F71F920138E55DD3F2839063EBF8D8EB8351A9ABBF94F8D6D53A74EDD2412807F8D44E01D111FC955D4223E1D715AC40F73A85F316CEEB178FCA1B8BC39EB60FCEFFF3B2E17451C19F11F115323B68BE7DAA2ABABEB194A160060F4271C1F8D787280A4A3BA92FD2E569558E4E30F372DEFF918941C4A95CB821643A98E6E9CECCEE8919B2F4652F0AA9696961DE2F2C3F1FFDA2FFF6771FD8BF1FFFB41C4959934463C1AF170C46F23FE37173188634E89F8541CBF77269511DBE70206FEDF0000E3486E3896DF2A0F94701471FC1A241CA5410FB5CADD9473CC7D8EC5AF542AAFF45F1A79B9F470967DFC0FDE9E93F523F629E6FE9C1AF13F113FC97940113924EFFF8AEB57148FE53147E5CFE48694116FCBE73207070060828A86E1A41C231F97B7AD24E978AC61DF8EC10E9DCAC4E3BEA655F478E4E4DD88B3B3013B9E774D5F57B2D1DFDCDCFC8AEC4D289281BD8BE4E00BD9EB50240DBF2D7A231E297A277E12C77FBFE8B5981B97FB666F462623D9BB615F140000062597FE8C866847F14DF54DF589470E8159C384A33E51B9AFBF9F2B96EECD6548EFCBD731467FF5E530A462B3C7ED7278525C4ECF790FC5B0A5FF2E8631DD52CC8F78B4482EAF2A863DE53C8A4F17C3A13E92C3A372927ECEBB50B200008C5812520CABB93C7B3BB6D8628BFD9A863639FC29733C2A95CAFB8B55877EB0869B118E3B9974E504E95C7129575E2A264E1F514CA4CE9EA0CB8A09D60F1643E36E2F5672CA89D85FCA159E8A09DA3957E79D39713B578252B200008C6A5B6FBDF5911B6EB8E1DF36DA68A38F14773D2D628FE272651A8FABCDF178E94B5FFAF162FCFF2DB95BF3782FBF5CAA35976C8DBFF52D39742C97728DCBC3738F885CE2B5D8332293AF3F174BC0E652B03FCB792D39FC2DF79CC82563239A732F8A5C4A369EEF396A260000E3456D485543C2717AD3F2DDC74F5F49E2D1EF711B6FBCF10776DB6DB7BFBDE73DEFF9DA58DE3721878515BD41B999DC077273B96293B9F9C532BF97E430B5DC8CAED8DDFACE6293BA738B4DEB8ECDDDB08BCDECDE959BDB0D6233460000185F0947D38A43AAF6281289EA4A128FFA84A38C69E5839978342D1F6A35AA268CE752BDB93748A5527953C42E91307C2CE79B449C1C71562409BD113746FCA94824EE8AB83A8E3B2F1EFF6A5CFF4C5C9F1997ADC524FDADE37936558D000060F5138E81128AFAC4A3BFC7BFD24F6232EC3B97F767D2A4491B4402F02F116FC8A15C71D915979F883829AE7F2B92859E62B7F3FB239E88B83BE2E7B9FB79C4E278ECB311B3DAB24BA2A565C7484A5E13F1BCA6550F2D030000D620E15855E2B1DE6A261CF5AF73DF60138F68F4AFDFD1D1B159A552D93672819D23F62836133C31E29B11DD11D7E78A584522F1FB48327E1197E7477C2DAE7F2E2E674754E2E7DE1DF16FC5B2C012090000180509C7CA128FDF0C22E15821F1587FFDF5778964E2C59110BC3EE27D11D3220E8964E0848833232E8E24E15711CB8A44E29E886BE3980BE2B1AF477C3EAE1F14D19E9B1EC6E536F17C2F94480000C0D84C385696780C26E1A889846372240AD5481272D2F5751117457C2377438F64624EEE1F923B95B7B7B7BFB6B3B3F39FE7CE9DBB9E7F1500008C3DCF2D92855307F973990034F670FCA6B87FF59F64BDF53E59FCAC159C0000601C2B7B3A765ECDE357D6D3B1B2E5741BE5EBE56A561FF42F0000808993780CC79C8ED5493C32E118F464720000607C271E032D8BDBDFEA552B4B3C06DBB30200008CB3C4E3BE7E128255EDC3B1AA7D3C4A6F1EE0F901008009A4DCC0AF3E31D8A369D5AB54AD7447F2A67FF4707C54110300009920E424EF5DFB492856B62CEE40C74938000080A7D8B99FC4635AD3AA2789371E57F69C98340E00003CC540733C0693B84838000080B59238ECD424E1000000D6520221E100000006ADDCD06F5543ADDEDC64D2380000B08656D583918FDF23E1000000869A783CDC4FE2D1DFFE1E000000434A3C76AE4B38EC340E00000CABB267636E91807C5091000000C32D7B3CAA120E0000606D7AAE22000000000000000000000000000000000000000000000000006022F9FF018765D800DD9553D60000000049454E44AE426082, '1');
INSERT INTO `act_ge_bytearray` VALUES ('2', '1', 'leaveActiviti.bpmn', '1', 0x3C3F786D6C2076657273696F6E3D22312E302220656E636F64696E673D225554462D3822207374616E64616C6F6E653D22796573223F3E0D0A3C646566696E6974696F6E7320786D6C6E733D22687474703A2F2F7777772E6F6D672E6F72672F737065632F42504D4E2F32303130303532342F4D4F44454C2220786D6C6E733A61637469766974693D22687474703A2F2F61637469766974692E6F72672F62706D6E2220786D6C6E733A62706D6E64693D22687474703A2F2F7777772E6F6D672E6F72672F737065632F42504D4E2F32303130303532342F44492220786D6C6E733A64633D22687474703A2F2F7777772E6F6D672E6F72672F737065632F44442F32303130303532342F44432220786D6C6E733A64693D22687474703A2F2F7777772E6F6D672E6F72672F737065632F44442F32303130303532342F44492220786D6C6E733A746E733D22687474703A2F2F7777772E61637469766974692E6F72672F746573746D313531393434313435313639372220786D6C6E733A7873643D22687474703A2F2F7777772E77332E6F72672F323030312F584D4C536368656D612220786D6C6E733A7873693D22687474703A2F2F7777772E77332E6F72672F323030312F584D4C536368656D612D696E7374616E6365222065787072657373696F6E4C616E67756167653D22687474703A2F2F7777772E77332E6F72672F313939392F5850617468222069643D226D3135313934343134353136393722206E616D653D2222207461726765744E616D6573706163653D22687474703A2F2F7777772E61637469766974692E6F72672F746573746D313531393434313435313639372220747970654C616E67756167653D22687474703A2F2F7777772E77332E6F72672F323030312F584D4C536368656D61223E0D0A20203C70726F636573732069643D224C454156455F414354495649544922206973436C6F7365643D2266616C73652220697345786563757461626C653D227472756522206E616D653D22E8AFB7E58187E6B581E7A88B222070726F63657373547970653D224E6F6E65223E0D0A202020203C73746172744576656E742069643D22737461727422206E616D653D22E5BC80E5A78B222F3E0D0A202020203C656E644576656E742069643D22656E6422206E616D653D22E7BB93E69D9F222F3E0D0A202020203C757365725461736B2061637469766974693A6578636C75736976653D2274727565222069643D226170706C7922206E616D653D22E58F91E8B5B7E794B3E8AFB7222F3E0D0A202020203C757365725461736B2061637469766974693A61737369676E65653D2261646D696E222061637469766974693A6578636C75736976653D2274727565222069643D2261646D696E4175646974696E6722206E616D653D22E7AEA1E79086E59198E5AEA1E689B9222F3E0D0A202020203C757365725461736B2061637469766974693A61737369676E65653D22737570657261646D696E222061637469766974693A6578636C75736976653D2274727565222069643D22737570657261646D696E4175646974696E6722206E616D653D22E8B685E7BAA7E7AEA1E79086E59198E5AEA1E689B9222F3E0D0A202020203C73657175656E6365466C6F772069643D225F31352220736F757263655265663D22737461727422207461726765745265663D226170706C79222F3E0D0A202020203C73657175656E6365466C6F772069643D225F3322206E616D653D22E5BC80E5A78BE5AEA1E689B9E6B581E7A88B2220736F757263655265663D226170706C7922207461726765745265663D2261646D696E4175646974696E67222F3E0D0A202020203C6578636C7573697665476174657761792067617465776179446972656374696F6E3D22556E737065636966696564222069643D226E6578745F3122206E616D653D22E4B88BE4B880E6ADA5222F3E0D0A202020203C73657175656E6365466C6F772069643D225F352220736F757263655265663D2261646D696E4175646974696E6722207461726765745265663D226E6578745F31222F3E0D0A202020203C73657175656E6365466C6F772069643D225F3622206E616D653D22E698AF2220736F757263655265663D226E6578745F3122207461726765745265663D22737570657261646D696E4175646974696E67223E0D0A2020202020203C636F6E646974696F6E45787072657373696F6E207873693A747970653D2274466F726D616C45787072657373696F6E223E3C215B43444154415B247B666C61673D3D27796573277D5D5D3E3C2F636F6E646974696F6E45787072657373696F6E3E0D0A202020203C2F73657175656E6365466C6F773E0D0A202020203C73657175656E6365466C6F772069643D225F322220736F757263655265663D22737570657261646D696E4175646974696E6722207461726765745265663D22656E64222F3E0D0A202020203C73657175656E6365466C6F772069643D225F3422206E616D653D22E590A62220736F757263655265663D226E6578745F3122207461726765745265663D22656E64223E0D0A2020202020203C636F6E646974696F6E45787072657373696F6E207873693A747970653D2274466F726D616C45787072657373696F6E223E3C215B43444154415B247B666C61673D3D276E6F277D5D5D3E3C2F636F6E646974696F6E45787072657373696F6E3E0D0A202020203C2F73657175656E6365466C6F773E0D0A20203C2F70726F636573733E0D0A20203C62706D6E64693A42504D4E4469616772616D20646F63756D656E746174696F6E3D226261636B67726F756E643D233343334634313B636F756E743D313B686F72697A6F6E74616C636F756E743D313B6F7269656E746174696F6E3D303B77696474683D3834322E343B6865696768743D313139352E323B696D61676561626C6557696474683D3833322E343B696D61676561626C654865696768743D313138352E323B696D61676561626C65583D352E303B696D61676561626C65593D352E30222069643D224469616772616D2D5F3122206E616D653D224E6577204469616772616D223E0D0A202020203C62706D6E64693A42504D4E506C616E652062706D6E456C656D656E743D224C454156455F4143544956495449223E0D0A2020202020203C62706D6E64693A42504D4E53686170652062706D6E456C656D656E743D227374617274222069643D2253686170652D7374617274223E0D0A20202020202020203C64633A426F756E6473206865696768743D2233322E30222077696474683D2233322E302220783D2234302E302220793D223139302E30222F3E0D0A20202020202020203C62706D6E64693A42504D4E4C6162656C3E0D0A202020202020202020203C64633A426F756E6473206865696768743D2233322E30222077696474683D2233322E302220783D22302E302220793D22302E30222F3E0D0A20202020202020203C2F62706D6E64693A42504D4E4C6162656C3E0D0A2020202020203C2F62706D6E64693A42504D4E53686170653E0D0A2020202020203C62706D6E64693A42504D4E53686170652062706D6E456C656D656E743D22656E64222069643D2253686170652D656E64223E0D0A20202020202020203C64633A426F756E6473206865696768743D2233322E30222077696474683D2233322E302220783D223735352E302220793D223138302E30222F3E0D0A20202020202020203C62706D6E64693A42504D4E4C6162656C3E0D0A202020202020202020203C64633A426F756E6473206865696768743D2233322E30222077696474683D2233322E302220783D22302E302220793D22302E30222F3E0D0A20202020202020203C2F62706D6E64693A42504D4E4C6162656C3E0D0A2020202020203C2F62706D6E64693A42504D4E53686170653E0D0A2020202020203C62706D6E64693A42504D4E53686170652062706D6E456C656D656E743D226170706C79222069643D2253686170652D6170706C79223E0D0A20202020202020203C64633A426F756E6473206865696768743D2235352E30222077696474683D2238352E302220783D223138302E302220793D223138302E30222F3E0D0A20202020202020203C62706D6E64693A42504D4E4C6162656C3E0D0A202020202020202020203C64633A426F756E6473206865696768743D2235352E30222077696474683D2238352E302220783D22302E302220793D22302E30222F3E0D0A20202020202020203C2F62706D6E64693A42504D4E4C6162656C3E0D0A2020202020203C2F62706D6E64693A42504D4E53686170653E0D0A2020202020203C62706D6E64693A42504D4E53686170652062706D6E456C656D656E743D2261646D696E4175646974696E67222069643D2253686170652D61646D696E4175646974696E67223E0D0A20202020202020203C64633A426F756E6473206865696768743D2235352E30222077696474683D2238352E302220783D223335352E302220793D223138302E30222F3E0D0A20202020202020203C62706D6E64693A42504D4E4C6162656C3E0D0A202020202020202020203C64633A426F756E6473206865696768743D2235352E30222077696474683D2238352E302220783D22302E302220793D22302E30222F3E0D0A20202020202020203C2F62706D6E64693A42504D4E4C6162656C3E0D0A2020202020203C2F62706D6E64693A42504D4E53686170653E0D0A2020202020203C62706D6E64693A42504D4E53686170652062706D6E456C656D656E743D22737570657261646D696E4175646974696E67222069643D2253686170652D737570657261646D696E4175646974696E67223E0D0A20202020202020203C64633A426F756E6473206865696768743D2235352E30222077696474683D2238352E302220783D223539352E302220793D223137302E30222F3E0D0A20202020202020203C62706D6E64693A42504D4E4C6162656C3E0D0A202020202020202020203C64633A426F756E6473206865696768743D2235352E30222077696474683D2238352E302220783D22302E302220793D22302E30222F3E0D0A20202020202020203C2F62706D6E64693A42504D4E4C6162656C3E0D0A2020202020203C2F62706D6E64693A42504D4E53686170653E0D0A2020202020203C62706D6E64693A42504D4E53686170652062706D6E456C656D656E743D226E6578745F31222069643D2253686170652D6E6578745F31222069734D61726B657256697369626C653D2266616C7365223E0D0A20202020202020203C64633A426F756E6473206865696768743D2233322E30222077696474683D2233322E302220783D223532302E302220793D223331302E30222F3E0D0A20202020202020203C62706D6E64693A42504D4E4C6162656C3E0D0A202020202020202020203C64633A426F756E6473206865696768743D2233322E30222077696474683D2233322E302220783D22302E302220793D22302E30222F3E0D0A20202020202020203C2F62706D6E64693A42504D4E4C6162656C3E0D0A2020202020203C2F62706D6E64693A42504D4E53686170653E0D0A2020202020203C62706D6E64693A42504D4E456467652062706D6E456C656D656E743D225F3135222069643D2242504D4E456467655F5F31352220736F75726365456C656D656E743D2273746172742220746172676574456C656D656E743D226170706C79223E0D0A20202020202020203C64693A776179706F696E7420783D2237322E302220793D223230362E30222F3E0D0A20202020202020203C64693A776179706F696E7420783D223138302E302220793D223230372E35222F3E0D0A20202020202020203C62706D6E64693A42504D4E4C6162656C3E0D0A202020202020202020203C64633A426F756E6473206865696768743D22302E30222077696474683D22302E302220783D22302E302220793D22302E30222F3E0D0A20202020202020203C2F62706D6E64693A42504D4E4C6162656C3E0D0A2020202020203C2F62706D6E64693A42504D4E456467653E0D0A2020202020203C62706D6E64693A42504D4E456467652062706D6E456C656D656E743D225F32222069643D2242504D4E456467655F5F322220736F75726365456C656D656E743D22737570657261646D696E4175646974696E672220746172676574456C656D656E743D22656E64223E0D0A20202020202020203C64693A776179706F696E7420783D223638302E302220793D223139372E35222F3E0D0A20202020202020203C64693A776179706F696E7420783D223735352E302220793D223139362E30222F3E0D0A20202020202020203C62706D6E64693A42504D4E4C6162656C3E0D0A202020202020202020203C64633A426F756E6473206865696768743D22302E30222077696474683D22302E302220783D22302E302220793D22302E30222F3E0D0A20202020202020203C2F62706D6E64693A42504D4E4C6162656C3E0D0A2020202020203C2F62706D6E64693A42504D4E456467653E0D0A2020202020203C62706D6E64693A42504D4E456467652062706D6E456C656D656E743D225F33222069643D2242504D4E456467655F5F332220736F75726365456C656D656E743D226170706C792220746172676574456C656D656E743D2261646D696E4175646974696E67223E0D0A20202020202020203C64693A776179706F696E7420783D223236352E302220793D223230372E35222F3E0D0A20202020202020203C64693A776179706F696E7420783D223335352E302220793D223230372E35222F3E0D0A20202020202020203C62706D6E64693A42504D4E4C6162656C3E0D0A202020202020202020203C64633A426F756E6473206865696768743D22302E30222077696474683D22302E302220783D22302E302220793D22302E30222F3E0D0A20202020202020203C2F62706D6E64693A42504D4E4C6162656C3E0D0A2020202020203C2F62706D6E64693A42504D4E456467653E0D0A2020202020203C62706D6E64693A42504D4E456467652062706D6E456C656D656E743D225F34222069643D2242504D4E456467655F5F342220736F75726365456C656D656E743D226E6578745F312220746172676574456C656D656E743D22656E64223E0D0A20202020202020203C64693A776179706F696E7420783D223535322E302220793D223332362E30222F3E0D0A20202020202020203C64693A776179706F696E7420783D223737302E302220793D223330352E30222F3E0D0A20202020202020203C64693A776179706F696E7420783D223737302E302220793D223231312E39363837313934323236373133222F3E0D0A20202020202020203C62706D6E64693A42504D4E4C6162656C3E0D0A202020202020202020203C64633A426F756E6473206865696768743D22302E30222077696474683D22302E302220783D22302E302220793D22302E30222F3E0D0A20202020202020203C2F62706D6E64693A42504D4E4C6162656C3E0D0A2020202020203C2F62706D6E64693A42504D4E456467653E0D0A2020202020203C62706D6E64693A42504D4E456467652062706D6E456C656D656E743D225F35222069643D2242504D4E456467655F5F352220736F75726365456C656D656E743D2261646D696E4175646974696E672220746172676574456C656D656E743D226E6578745F31223E0D0A20202020202020203C64693A776179706F696E7420783D223434302E302220793D223230372E35222F3E0D0A20202020202020203C64693A776179706F696E7420783D223532302E302220793D223332362E30222F3E0D0A20202020202020203C62706D6E64693A42504D4E4C6162656C3E0D0A202020202020202020203C64633A426F756E6473206865696768743D22302E30222077696474683D22302E302220783D22302E302220793D22302E30222F3E0D0A20202020202020203C2F62706D6E64693A42504D4E4C6162656C3E0D0A2020202020203C2F62706D6E64693A42504D4E456467653E0D0A2020202020203C62706D6E64693A42504D4E456467652062706D6E456C656D656E743D225F36222069643D2242504D4E456467655F5F362220736F75726365456C656D656E743D226E6578745F312220746172676574456C656D656E743D22737570657261646D696E4175646974696E67223E0D0A20202020202020203C64693A776179706F696E7420783D223535322E302220793D223332362E30222F3E0D0A20202020202020203C64693A776179706F696E7420783D223633382E302220793D223236352E30222F3E0D0A20202020202020203C64693A776179706F696E7420783D223633382E302220793D223232352E30222F3E0D0A20202020202020203C62706D6E64693A42504D4E4C6162656C3E0D0A202020202020202020203C64633A426F756E6473206865696768743D222D34312E30222077696474683D22302E302220783D22302E302220793D2233382E30222F3E0D0A20202020202020203C2F62706D6E64693A42504D4E4C6162656C3E0D0A2020202020203C2F62706D6E64693A42504D4E456467653E0D0A202020203C2F62706D6E64693A42504D4E506C616E653E0D0A20203C2F62706D6E64693A42504D4E4469616772616D3E0D0A3C2F646566696E6974696F6E733E0D0A, '0');
INSERT INTO `act_ge_bytearray` VALUES ('3', '1', 'leaveActiviti.LEAVE_ACTIVITI.png', '1', 0x89504E470D0A1A0A0000000D494844520000031D000001600806000000DEBA14A5000032E64944415478DAEDDD09789D659938EEC8A6A28CE232CAA0E236FCC141C515141D8BA252A4C52D0939494A14A6ACA52D854159A4C8A02865E982888A55415119C70590AD495806418B08CAA2A02C3F40B0A0080C8BA09EFFF39C7E5F3C3D246DD3A46996FBBEAEE73ADB97739237EFF9CEFB9C776B6A5A0373E7CE5D6FC5DBDFDD68E5C7F76EB0D2C717F73E63F0BFC3CA9F1300001865AAD5EA8723DA232A112DF757AB8795D7175EFAD74BE2F295E5B1B3E6F71C34FB94DE5797B767CEEF3971CEA2EE2D064A4CF2D8D90B7BF61BE8B5672DEC392D138FD90BBADF97C7E6CFCE9EDF33BDFE98190B2E7BE1EC053DEFEAFB99932EDB6CD6FCDEC36BCF7FD292BEDF2D7F8FD9F37BF79835BFFBE099272F794BBE6EEDD88C05BDED079D72E94BFDB70100601D9AB5A0FBCBD1B8FF7C36FAF37ABFC7CCEF3EB9AF91BFB077ABB8DD190DFC17351CD3397B41EF4ECBA3FB7DD9E02F6FE7F3D6F78E4412F3C94C06CAE7CDE79CB9B0B7B5BFD72D928A9D672DE85954BEC6AC85BD1FDC7FD192E72F4F767A37C8DF7FF9F5EF6E347B61F73EF5C991FF300000AC43FB9DD2FBEC532E79E2B24C38662EEC997AD6CDD5B3672F58F2CEF2F14C0C2219D8331AFC1FCEDE8E03E7F7BCA9EC91C8067EADC762EEDCF56AD72321287F2E1AFE1F2B7B423239291384D927766FBE3C21E939F7A0F93DBB64CF45F668D49EFFA4DE6D23399995C76412B2FC79E7AE77E0FCDE6D6A3D18C5EF35736177735F5271F292D72D4F6A7ABE90BF672D3959D873645FB213C98DFF320000AC0339B4A95AADEE14B1CFB9CBAA8B1FA856E7C4F51745A37F710EB19A77FE9FAE2E8FCD467CAD81BFA0E7D848188ECBE14B07CD5FB263ADA7228E2F7B3C662EEADD351382E54940EF8FFA1AFE9198D4BF762DF158D8BD4F0E918AC7BF5BFBB905DDF3F26733B9C8636ABD1BF95AF1F3334FEED92E7B3CB277231FCFC4249E738732F1C9E79939BFE79BB5DF75D192B76522D5F75AF1F3FEDB0000B00E4462B17DC4CB23DE9C0940261F39B722E74514F7BF35872D1589455B2D4158D8FDB19C27513EC7BE5FB87CD3FA2156B55E8A9CA351EB61E83EF91FBD0DDD0797C764EF462608F99A99F844B271C0F284A67B5EE364F57CCD4C226A894C242A65B2513FCFA3F6BAF37B0FCFC4282FB3E763F9DC8F9E83F2327B3EFCB70100601DC95E82132EF8F3CF22C1A8F54EDC51AD1EF5833BAB67E6A4ECFA44A236FC6961EF519914E470A56CF4E750A7B83CBAEC71589E38F41CDB77BD984B918F670FC53F928E253B664290AF9D0948462DC128E664D49BB9A0F7D0E58F751F97C7678292F344EA7B32662C58F29AFC3D32B9282797D78E5DD8BBE78C053FFEA7C6440600001841916CEC72EE1FABA7F72518910C2CAB563FD138413C1BFFB316F45C903D1BF513CAB3B15FDFA82F7B377242785C1E534CF83E2A7B29567CBEEE79B59F5FD8FDB19CEB917336FA56A5AAAD64559B2BB2207B58CA442793975A2F49F1B3CB138ADE0D6AC9463C4FFE4CDECEA15AB59E8FF899BCDEF8DA0000C008997EDA391B7FFFAEEA1991781C500E833AFDE7D51FE75C8CFAE38A21579DB509DBCB5790FAC23F56A4EAF9427FCF9D3D1BF53D20A54C5A962F93DB73742DF958D87D566DC5AC383613954C40CA49EA995CE4F1B509EE9104E5EF505B4237876545729113CFF3F1DAEB2DE859B44252B3B077CF5A1212AF55DF2B0200008C90E5FB5F2C79673964AA2FC158D8B35FFD5E1939993B57AB2A6FE7B1D9A0EF4B2E16F4B6F7F7FC393C6BA0CD03F335CB84A47CEE4C0C32E9A845D1CB92CF913D207DAB5E1543BE8A39229DF53D189988E4FC8DECD9A8AD88150949AD576461CFD4FABD4500000000000000000000000000000000000000000000000000000000000000000000000000000000000000000000000000000000000000000000000000000000000000000000000000000000000000000000000000000000000000009848662DE8FEF2EC05BD3B9591B7950A0000302CE6CEFDEE46B316F49C5E261C3317F64C8DA4A34DC9000000C362F6FCDE9D0F9ADFB34B797BD6C2DE0F66F2A1640000806131736177F3CC45BDBBF6F5742CE83D347B3FA69F76CEC64A070000586307CEEFDD66F682EEF72D8FDE9D66CDEF3DBC6E4E47DBCC85BD7B2A2500006048B23763F6FCEE33F27AD9C3B1DF29BDCF3E68FE921D950E00003064B31674CFCA89E3C5F5C5FB2F5AF2FC32940E000030B4846361CF0E39B46ACEC2DEAD960FADEA3E6EEEDCDE0DCAC7B3D743290100006BE4A0532E7DE98C054B5EF38F0463EE7AB96AD5CC05DDF372B8D5CCF93D27E6302B25050000000000000000000000000000000000000000000000000000000000000000000000000000000000000000000000000000000000000000000000000000000000000000000000000000000000000000000000000000000000000000000000000000000000000000000000000000000000000000000000000000000000000000000000000000000000000000000000000000000000000000000000000000000000000000000000000000000000000000000000000000000000000000000000000000000000000000000000000000000000000000000000000000000000000000000000000000000000000000000000000000000000000000000000000000000000000000000000000000000000000000000000000000000000000000000000000000000000000000000000000000000000000000000000000000000000000000000000000000000000000000000000000000000000000000000000000000000000000000000000000000000000000000000000000000000000000000003062AAD5EA06B7DE7AEBD9575D75D5DFBABBBBAB175F7CB1588358B26449F5B2CB2EBB3FA243AD0200803A99705C7EF9E5D565CB9655FFF297BF8821C47DF7DD57BDF4D24B1F8C04E4A36A16000014B28743C231AC89C75F2EBEF8E29BD42C000028E4902AC9C2F046241D4FAA59000050C8F9081285614F3AAA6A1600000C32E9F8BF3FDF53BD75E9E2EA0D4B3E5D8BBC9EF74932241D000030E4A4E3E107EEAE5E7FE191D5EBCE3B6485C8FBF2318986A4030000869474DC79C38F9E92709471D70DE74834241D000030B4A4E3A6DECF0D9874E463120D490700000C29E9B8FEE2B903261DF9984443D2B1B64D9A346983B6B6B69D77DF7DF76322CE8FB829E2C9886A1177C6E317477C36A2A3ABABEB194A0D06605758BBC2AABBEAAEBA8BA443D2C13F343737BF38128AB99148FCB62EC1589DB827E2D488972B4568605758BBC2AABB42DD6534261DB95AD54049473EE6BD2BE9186ED9B3D1DADAFA894AA5F2C820938DC678327B3FF47C401DBBC2DA1556DD15EA2EA331E9B8E58A4503261DF998F7ADA46338353737BF3A1285EB1A1388FDF6DBAF7ADA69A755E333A77AF7DD77571F7BECB16ACACBFC0CFAF9CF7F5EFDFAD7BF5E9D356BD653928F48607E11B18DD28526BBC2DA1556DD15EA2EA333E9F8E3DDBFAC5E7FD1514F1D5A15F7E563DEB3928EE11289C1F6EDEDEDF7D5270C871C72482DA1F8EB5FFF5A5D5DD75E7B6DF5B0C30E6B4C3E1E8EE7DF5529E3C46F5758277E7557A8BB8CD2F7EF6D577FE3294947DEE7FDEAFD3B9C0947A55279B44C1222F9A89E73CE39834A361A5D70C105D5AEAEAE15865B493C70E2B72BAC13BFBA2BD45D46E3FBF7F1C7ABB7FCE4D4A70EAD8AFBF231EF59EFDFA1CA21559170FCA97E28D5CD37DF5C1D0EB7DF7E7B75C68C198D3D1E865AE1C46F5758277E7557A8BB8C96F76FBE3F6FBE62E180733AF231EF61EFDFA12896C3BDAE3EE1C8391AC3299FAF3EF1C8391E2697E3C46F5758277E7557DD557759D7EFDFC71FAFDE734B4FF557171C36E07BB78C3C268FD5EBE1FDBB267295AAFA2155C3D5C3D15F8F47C350ABE3953E4EFC768575E25777D55D5847EFDF55F56EE8F5F0FE1D2EB90F47FDB2B83987636DCA391EF5F33B725897FF024EFC366872E25777D55D5807EFDFD5E9DD5859AF87F7AFF7EFEACA8DFFEA57A97AE28927AA6BDBA1871E5A9F789C3AA10A3CFEFE675C78E185B3172D5AF4D3E38F3FFECF73E6CC79B2ECFEE9E8E8F8FBECD9B31FFFD4A73EF5BBA38F3EFA7F0E3CF0C01D55510D370D37277E7557DD85B5F5FE5DD384A30CEF5FEFDFD551CCE5E8DB693C97C51D09BFFCE52F57D8B9BCB9B9F9D9E3BEB07FFFFBDFBFE98C33CEB862E6CC997FCB49338B172FAE6D7872CF3DF7F46D7892195F4E7E59BA7469F5CC33CFACEEBBEFBE7F9F3163C61F0F3BECB04F4F8842D270B32BAC13BFBAABEEC23A7DFF0AEFDFC1686F6F7F496B6BEB97F37265C7E5D2B5F593C787B234EE60D56F2018894FC778EED978766F6FEF45071C70C0DFE7CD9B57CBB806D39D74C30D3754172D5A54DD6BAFBD1E39E8A083AC353C814EFC768575E25777D55D907478FF8E66D1907F79396722872FE5ED018E3BA66CF87FE52B5FA98EA4FC22BF2EE9F8ECB8EDDD983F7FFE839961E56E8943F1EB5FFFBA7AE08107FE75EFBDF73ED7B25F13E3C46F5758277E7557DD054987F7EF68966DD2869DC033F9585CA954B66D483ACE2F8FC9913E23298772D5FD7EBDE3EE9FF0F0C30FBFEB88238E7862C18205D5871E7A68580A2D8761C5F33DB9FFFEFB5F6AB8D5C438F1DB15D6895FDD557741D2E1FD3BCA7B3BAAFD455B5BDBC511EF288EB9A5BC3FA7168CA49CBA50F77BDD39EE7A3832E1F8FCE73FBF56C6AC9D7AEAA94FECBDF7DE4B72528E53E8383EF1DB15D6895FDD557741D2E1FD3B46938EBAC85E8EBF96B7CBB9CC23255FAFFEF71937059F7338724855F670ACCD4932279F7CF2A31D1D1D6739858ECF13BF5D619DF8D55D7517241D63E3FDDBDCDCBCFEE4C9939F3E65CA948DA74E9DBA49A552D9B4ADADED05B92F45C4E6112F8BFB5E19F1AFADADAD5B476C93C38F22DE14F1D66808BF3DE29D2D2D2D3B46EC14F7BD3F6E7F20626A1CFBE188E6B6E53A22F688FBF78C981ED7F78B9811312B6E1F1C71681C7B78C4A7E2BEA3E3F6B111C7C5ED791127C5F585115F88382DE2F488AFC57167469C15F1DDB8FD3F113F8C63CF8BB820AE2FC9E148119745FC24E2A7113F8FB836E257113745DCBC1A49C7DFEB6FAF0BE332E9C849E3398763B88654AD2C6BDB6FBFFD1E8CC29BE4343A8E4EFC7685D5705377D55D90748C9988C67AB5F816FFF18847E2F64371F9A788FB7289D688BB22EE88F85DD140BF311BECD1A8FF455C5E5D34E4AFC8867DFC6C4F0E492A1AFCE7660210F1BD4C08323188EB6764A210F1954C1CE2B85322161409C5F19960C471FF950947261E71FBB04C44E2F69C4C4CE2BE0322F6CD8425E2E399C0C4EDF688DD33B189FB3E94894E243DBB64E2930950B63333218A63DF9609521CF7C688D767E214F76D9589D44A928D6B3269CA64AC98EBA1A763B8E4B0AA5CA52A57A81A0939B9BCBDBDFD5EF33BC6C789DFAEB01A6EEAAEBA0B633DE98897A97EE73BDFE9F7B11B6FBC71C53D7DAEBFBE767CB49F9E3A2FECB6DBBC7FC78822B95A61DE444457FD3400733A8659EEC391CBE28EA4638E3926375A39D8A974EC9FF8ED0AEBC4AFEEAABB301E928E689B54EFB8E38EEAF7BEF7BDDAED0F7DE843D51FFEF087B5EB175D74D10AC71E75D451D57BEFBDB77AF6D967D76EEFB5D75E7DC7E6D2AADEBF6322E9B8ADDC7C2F7B53FAFB32DCEA55C328771ACF8DFF46AA97A374D34D37FDA552A9DC6152F9D83FF1DB15D6895FDD557761AC261DE79D775E5FB2D0D2D252FDD9CF7ED69758E43E098DBD20D95ECADB39F4252FCB5E8F4C56BEF5AD6FD51216EFDF3193745C9EC3B756B6A5837D3A86F78D7CF048EFB0588A7FF2B2C82CB7773A5DF75637F933AED6895FA345A8BB8CD79E8E4C387208F815575C517DD6B39E55BDEBAEBBAA5FFCE2176B8F3DF8E083D53BEFBCB376FD1BDFF84675ABADB6AA7EE0031FE8FBD92BAFBCB2EF39F2BAF7EFF868FB4463FF83EB6A47F2993367FE7D5CED48BE68D1A29F2E5EBC789DCCC83FE9A493721581639C4E4745B67FD3EA54680D37277E8D16A1EE325EDEBF995444C3B3AFA7E3AB5FFD6A75871D76A87EE4231F59A19E67B251DE3EE79C736A89491E5FCEDFC8EB79DCF7BFFFFDEA0B5EF082EADBDEF636EFDF71949814733D6A8DFF1CF23412B247AD6E68D53DE3621EF4F1C71FFFE7911EA356BAF2CA2BF39F78B62A3D2A928EB262DF92AB410C94FD6BB839F18F36F59B38493AD45D241D838D2DB6D8A27AF9E597D712874C2E3291C8EB53A64CA92523D9AB513E96C7E73C8EBC7DEDB5D7F64D1CCFDBF9195A26205FFBDAD7BC7FC7571BE9F8B29D74C821878C486FC761871D569F749C3A2E0A72CE9C394F8EF46CFCD2FDF7DFFFC7FC865D751E5549472D7249BC885D35DC9CF8C74ADD2D966BDC5ED2A1EE22E918ECB0AA725EC676DB6DD7D7EB510E91CA15AACAA4238758E5F58C9CBB71E9A597565FF39AD7547B7B7BFB1291BCBCE5965BBC7FC791DCB7243E671E2E3F6FB2B76B6DBAE0820BEADB644FC6EBBF7A5C14646767E788AF3B5C7AE28927B2301F539D475FD251174BA331B7B3869B13FF18AABBE7F7D7F3A1EEAABB483A064A3A7265AABCCCB91CE57D65029293795FF4A217F51D7FDF7DF7F5F5706472D1544C22BFE69A6B6AD7E7CF9FEFFD3B3E3F6BFA2694B7B7B7576FBEF9E6B5D236BEFDF6DBAB7BECB147FDA684C78FAB0FEC75A928D0BF159BAFFC25E2D188FFCB4D6A5A5B5B1F88EBD91BB22CE2DE88DF17E3EAEE289639FB6DB1614DCE47B8A1D86532E7895C53B771CD9511FF5BEC4A794944777E231A971746FC3837B189D7F951C4F7CB8D6CE2F2DB11DFCACD6CE2F6D7E37271B1A1CD97B28B2B37B5C9DD31E3B193E3F2C462C7CCCFE5CA02B9B94DDCF7E988B91147E60E9B71DF2723FE3397088EDB0745CC2C76E2DC2FEEDBA7D8EC66CFB8FF63B9E14DCEAD88DB9588D66237CF8F1413997287CF5D2326979BDFC4FDEF2E37C089DB3B949BE0C4ED37971BE1C49BE3B59125BF2637C389DB5B46BC2A6EBF228EDB221E7B491CFB2FABB12BE7D5F1F35334DC9CF8C74AC2DC38EC4ADD557791740C9474943D15C71E7BEC0A7334F27AF66E94FB749443AB3209B9FAEAABFB12967288D5C2850BFB7A41EA9F3F97DE1DE8B5D7E431EFDF91972B5C151B23F64D2ACF7D34867B5F8E030E38E06FF5A34E56B6B2D69893D9D43AECE9B83F7B3AE6CE9DBB5ECE218886F04611CFECECEC7CD6D4A9533789827E6EDC7E5EC40BA3F1F0A28E8E8ECDB2911CB75F163FF7F26C3CE78E92D998CE4675EE32998DEC78EC0D71FF9B8A1D28B7CFC678B12BE5BBB2919E8DF5B8FF7DD9788FFB3F908DE96CD4E7EE93C5CE96AD6DCB75C4ED69B9514C260511FF914942260BC5EE9833E3F6EC62C7CCFF8CDB9FC82423938D88A332F9289290CF645292D96ADC3E2193956227CE4C5E4ECDDD3933A989FBBF5AECD8993B777E33939F4C82E2B8FF2E92A2DCE1F39C4C9672D7CF2279EACEB59B8BA42A93AB9F14C9D6D2889F671216C7FEB248CA6E8AF84D91ACDD1A717B91C4DDBD1A49C7DFE339FEA6E1E6C43F867AE9FA7A3EF23CA0EEAABB483A1A238747652291D7B32D947B6EECB3CF3ED5E73CE739B57D388A5DA0AB9B6FBE79F581071EA81D570E9DDA74D34D6B13CAF377CB95ACCAE72C9391D1BE8295F7EFE0653BB37E9855261EC3D5E3913D1CF50947BE4EBEDEB82AC03973E63CB6AEE6744446778B391DA3BEE19609CDA4B579E2CFEEEC3CD9E75AE979A22E5707C90F83817E66C30D37AC6DC434D8D7CA954536DB6CB3011FCF6FB3CAC9818DDF3895EBB50F77AC46A3590C430CA5EE3615EBF737DE976BF2AFEA671B7727CE864B3654FA7B8D134F3CB17ADC71C7D5A21CB6510EF758D9EFB6AAE11C79CCC1071FDC773DDF5FF54B846AB430917B3A7C69C060E417D7F589470EB5CA73EA502697E71C8E8621554FF637AF76CC8B4CFEE675B57AD585175EF863AB578DDAA46344C6C5979B2B65C327BF29AA5F6630EF7FEF7BDFBBC2F18F3CF248F5E1871FAEAEBFFEFAB52EEDFCF6E98F7FFC63F5DDEF7E77AD9196894BAEAD5EFF33F513FA727C6EAE5452DECE154B065AAB3D9F6BDAB4692B2CA558EE525B7E33E6C43FAA13E6A579D22E57625BD3BA5BAECB9F752DEB4226ADB99A4D36F4730269593F729C774E38CDE434EB711EF3A52F7DA9F65826BB4DC58EC5E5EEC559971BEB5D3ED6785FFE6CE337B3F99A65DDCCDFAB1C7B9E9175F415AF78C5539EA7DC21B93E595ADDC449DD45D221E960E0C4A35CD52ABFB41CECB2B8471E7964E367D7C3E332E148C71C73CC59EB6A9F8E28E873ECD331EA1A6E67E77C90913AF16743A8A9183BDB548C5FEDEEEEAE452615B9036C5331492F8F2FBBB29FF9CC67D61A5A795CD9E59D71FEF9E7D7BAC51B1B5C6F7CE31B6B0DB27C736797F8E1871FDED7586CECC12893944C88B6D9669B15928EB5D1E3E1C43FEC49C70AC9C650EA6E2606E5D8EC4C36B2C1FFEFFFFEEFD5386FAEB49721EFCF7A535E2F57B4C96534B32EE7F54C501A7FE6939FFCE4537A3AB28EAFAC87E5E94F7F7AEDF8FA5EC07C9EBCFEBBDFFDAEAFFEE65E04E5FBA91C9F9ED7F3432F8783A8BB483A241DACBE6248FF2F1A3F8372C855B66D962E5D5ACD9144E51486BCCC391BF97990ED88FA8DFF1A560EDD66DC16DA8C1933DEBAEFBEFBFE7D1DEC48FE58A552B9C38EE4A3A6E176F6EA54F4E13EF167832727E965EF45D9A0CFEB8D916FD68CF276D9D391BBC1E69B3BBF8DCEFBB38B3337666A6CA46563ABBF9E8EFAC7B2215636D0F27AFDEB37153BD096D7D7B491E6C4BF56938E2B736ED670EF31938DFAC99327F7F52CE444D14C7867CD9AB5424F58D68FC6A4A3BE5ED7F774340EF1CBFA94BD6B8DF53E876695C94B19F97EC9557232692997F2CCF7405ECFA4BCBFE1838D3D1D997897BD7699A837354C7C55779174483A58B59CE45DAC6AF5D8108700E7624AC78FAB49E303896CEBBE6CFC8DA4ABAEBA2A8756DDB63A5BD033FE4FFCF98D727D8F44460E99CAA4A27E28D65BDEF296DA37BF471F7D742DB9C831F0E5AA23F9BBE5CFE7E4BFC1F474E4CF97CF5FFFCD740EAFCA84A4EC79C9C8DE8EBCACDF9DD6897F9D271DFDF66C0C47DD2D1BF5D9639097591FCB4423873DE550BEEC9128E70165A2500E9FCAA155D90B92D7730860D94351BFE67FF93AA79C724A6DA856D6ADEC0DC95E89ACC7793B8F6D9CDFD49804E76B964977E3F0C2F2F82DB7DCF229135CF3FAB6DB6EABEE22E990743004B98F477C0E9D54BF73F96AC63DB9A0502E8834610AEB88238E386ADEBC797F1FC9A463EFBDF7CEA15507ABAA4EFC19D9D0CA067EFDF8F56C101D7AE8A12B1C97DFCABEEE75AFAB767474D41A7EE538FAFA465C7E13BC263D1DFD8DAD6F2AD66AAFFF46BB718CBD13FFC4A8BB4D0D732ECA067FD6C9550DAF2A1391AC4779BD4C74EB8FEFEAEAAA5DCF64A23E71681A60AEC70E3BECD057273FFEF18FF7CD37D96DB7DD5698B354A9545658FEB3B17E37D67F75174987A48335935F7E155B1C64EFC7F911B7F49364F4165B2C7444B2F2EC095748D99D337DFAF4876FB8E1861149387EFAD39FE61E19B74DC8C276E21FB04197BD6DF98D7139193687B5341E97732CF29BD96C34E524F32953A6F48D7DCF6F93CB95AFD6A4A7A3F17729BFDDAE1F5A93B7FB9B7CEEC43F31928EEC69ABEFE9D864934D063C36EB4FCEDFA8EF41CB9E8E4C94CB394AFD251D79FDC0030F5C65D2519F3894094EE39CA6EC41ACEF65E9EF67B3AE97BFA3BA8BA443D2C1F029F6512BF78E7A8712291C70C0019367CC98F1C4430F3DB456138E471F7DF4DE4AA57273FD32AC4CEC137F367C727C7C793B27C1E67D8D4B8DD62710D9682A1B5A39913CEFCFE129E564EF934F3E7985D57E065ABDEAAEBBEEEAF73532E1291B6B39D445D2A1EE3615CBCE66925B4653DDF2B365E4D0A5BC3F13E29C1B948F977527EB5126D48D75A8A9582EB7ACCB39AC2A93E14C061AE77494C7E7F0C3C69E8E1C7258FF5E1A684E47CE1FC9A5789B8A451AF2F2FAEBAF57779174483A18DEA4A3B77EC35A2552679F7DF6F9C149279DF4F85A9C54FEF0BEFBEE9B7339CE50DA4EFC19D9F8C99D5DCBDB390E3E873395BBBAF6373FA35C09287B2C1A971D5D5534261D03352E73484A79BD7167D9C66F9D9DF8274ED2B1AA256DCBE5751B579CEA6FA9DAC684B71C2658AE4455D6F38CC62183030DE56A8CB257A5FCDDCB25AA9B8AFD70F23227A537D5EDE3A1EE22E9907430749164ECDC3887436F479D1C8B76C001075CB868D1A2BFAC85C4E3E1C30E3BEC3BB94AD284989DEFC4BFCAC806D1FBDFFFFE5A632B1B69D95351BF115AF674E4B7B64DC5B8F96C84D56FAA963F73D04107D5E677E49B3997DBCD637378497FBD24199940E4EBACECF7AA5F82B7A958C92A1B933979BDA91836E3C43F31938E7278557DCF57B9FC6C63E45E2E39143087E7E5B159477308555ECF7D3CCAB920B96041B96965E332BAE5EBE6128C2BFBBD1A7B5BEA231F6BAA9B3C5E9FA0E463394C317FC7FE7AFDD45D241D920ED6B897E3F27E268E9FA3641A128FE9D3A7FFF884134EF8BFFC1679B88654EDBFFFFE3971FC6CF3389CF88513FF58ACBB6B3AEF616DC7BAFCBDD45D7CF6F8ECA1DF84E3A303AD5855A954B655420D89476767E799FBECB3CF83D75D77DD5F873A69BC98C371861E0E277EE1C4AFEEAABBE0FDEBFD3BCE938E5F0D9474B4B5B59DA584FA2FB4491D1D1D777FEA539FBA35928FC10CB97A6CE9D2A5E7E71C915CA5CAA471277EE1C4AFEEAABBE0FDEBFD3BDE154BE6AE747F8E71BDEBF85064EF4414CE015188BF9D366DDAFDF3E6CDBBF6D24B2FBDE3DE7BEF5DF6C4134FD4328CB8BC7FD9B265B75C74D145171E79E491E7E44EE345B271B0E1544EFCC2895FDD5577C1FBD7FB77228836F32F566353C0B395D4AA7B3EDE1C7144760D15855A6EFB9E97376521E68627F1D8F6761A77E2174EFCEAAEBA0BC3A1BF15E1C490E2B178FF3EA966AD7DCDCDCD9B47FBF82E25011A6E1A6EEAAE507719E52EBBECB27B962D5BE67D374C71F7DD777F3BDEBF37A959239274BC2C928E3B940468B869B8A9BB42DD6594EBE9E9D9ED924B2EF9F31FFEF08747BDF786D6C39109C792254BEE88F8A89A352249C72B22E9B8554980869B869BBA2BD45DC6806824EF1A756E690E0BCABA371AE3ACB3CEAA8DD91FADBF5F51763749384634E97875D4895B940468B869B8A9BB42DD8561919BBF65D2615E2BA5D6D6D62DA34EFC464980869B869BBA2BD45D188EC6E5F6D1B87CB2D88B61672542512FB68E3A71A392000D370D377557A8BB301C8DCBEFD72D89BA548950D48B6D72B34025011A6E1A6EEAAE507761488A2D059E6CD8006E572543D483D7477DB8564980869B869BBA2BD45D186AD2714E3F1BC02D35B783A8076F88B8464980869B869BBA2BD45D184AA3F229BD1C65B4B5B57D5009A91F86DBC11AB02BAC5D61D55DA1EEC20A8DCAF3FB4B388AB852094DF8FAB15DC4554A0206C9AEB07685557785BA0B7D0DCA017B39CCEDA0A8236F8FB84249C020D915D6AEB0EAEEF88F871E7A48DD85D56B509EB3B284C34A56B4B5B5BD23EAC0E54A02D6C058D815760C845D61D5DD5119E79F7F7E75AFBDF6AA9E7EFAE9EA2EAC592262AE13F549C7BBA24E5CA22400E0A98DA61C3272577C58CE501A20E9604849C7BBA34E742B0900E847A552D9223E28AF8F0FCC93E7CE9DBB9E120149076B9474BC37EAC4454A020006D0DCDCFC9CF8B05C12F1832953A66CAC4440D2C1E0542A95F7B7B6B65EA024006025A64F9FBE6134A21647FCACADADED454A04241D0C2AE9D825928EF3940400AC5E43EAC8885BE3C3736BA501920E564F5B5BDB94386FFE484900C0EA7F78764483EA0F2D2D2D3B2A0D9074B05AE7CD0F46D2F17D25010083FB00CDE51FEF8D0FD1694A03241DAC5C9C2B3F1C75E27B4A0200069F786C151FA2BF8B98AB3440D2C14A938EE638677E574900C01AE8ECECFCE7685C5D15F18DE6E6E68D9408483AE837E9D83D928EB3940400ACA148369E99C306E203B5A7ABABEBB94A04241D3C25E9688F73E4994A02008620370E8C0FD413A2A17563C4CB9508920E49072BD487CEEC11561200303C1FACFB47DC5DA954DEAA349074405F7DE8CABD8E9404000C93D6D6D65DE3C375592E11A934907440AD3EEC19F115250100C39B78BC313E60EF8AC46396D240D281FAB0FBF488D39404000CFF87EC4B237E1509C8829CF3A14490743081EBC33E11A72A0900580BDADBDBFF293E682F8AC4E3479D9D9DCF5222483A98A0F521E7BB2D521200B0964C9A346983F8B03D3DE2EAE6E6E6172B11241D4CC0FA7060C47C2501006B596B6BEBE1F1A17B7B5B5BDBBF290D241D4CB0FA303BE2442501002320128EB6F8E0FD43C47B9406920E26D0B96F4E6B6BEB3C25010023D7187B67C4BDF101FC31A581A483099274FC679CF33EA724006004C587EF96D128FB6DC4314A0349071320E9F864D489CF2809001861CDCDCD2F8C0FE19FC487F199717D232582A483715C1F8EF0250B00AC235D5D5DCF880FE2B3232EA9542A9B2A11241D8C47ADADAD9F6A6B6B3B5A4900C0BAF3B4F830FE7CC4AF23F178A5E240D2C178930947261E4A0200D67D232D77ECFD7DC4764A034907E32CE9F8AF5C365C4900C02850A9547689C6DAB2F870FEB0D240D2C1384A3A3E1BE7B54F280900183D89C7B6D160BB33D7B5571A483A180F72B9DC5C36574900C028D2DEDEFE9268B45D171FD4A7343737AFAF44907430C6938E79BE4801805168EAD4A99BC407F505D1783B37128F672B11241D8CE1A4E3A4483A662909001885264D9AB44134DEBE14714D4747C7664A84D16EF2E4C94F2FF664A846B2FC4C254291742C88A46386920080D1FD81FD8968C4DDD1DEDEFE5AA5C168552C84704BC4F722E1789912A114756251C4FE4A020046FF87766BC41FDADADADEAB34184D22C17845D4CD1F46FC2612E4F72911FA397F9D9ACB822B090018035A5A5A76880FEE7B22F6541AAC6B5D5D5DCF88BA7854C47DD91B17C9C7464A8501928E1C26FA1F4A0200C6884AA5F2AFF1E17D73C4B171F3694A8475A1ADAD6D4AD4C1DFC5E577E3F2A54A8455241DA7477C5C4900C018326DDAB4E7C707F8FF467C2B27EE2A11464A6B6BEBAB7245B5889B5A5A5A765222AC66D2B138A24B4900C018530C6DF94EC465CDCDCDCF5322AC4DB91255D4B54FE750AADCE46DFAF4E91B2A150691747C23A2534900C0D8F4B4F8203FAE98C0FB2AC5C1DA10756BB7A863B7457C3B928FCD95086B90747C33A2A22400606C7FA04FCF09E66D6D6D6F531A0C9748305E1DF5EAC751AF6E686969D95189308473D4B773053E250100635CA552797F2EA9DBDADADAAC34188A2953A66C1C89C67F1543A9E6E426954A85A1C805079C9B0060FC7CB0BF2E1A8AFF2F3EDC0F511AAC89A83B1F8E3A747B0E87E9E8E8D84C89301C72C3C8AC5B4A0200C6891C731F1FEEBF88F8625C5F5F89B09AC9C696D130BC30E25791BCBE4B8930CC49C70F726E90920080F195783C3BC7E267E47525C2403A3B3B9F1549C6678BA154B30CA5622D251DE744D2B1AB920080F19778AC9FBD1DD9EB61C521FA9363EC73385E2E671A75E4C54A84B558D7CEAB542ABB28090018BF1FF68764C332E77B280D52D485ADA24E2C89B82EAEBF43893002E7A10B72B10B250100E3FB033FBFD1FE830FFD892D87DA4592F1F9A80BCBE27286393F8C60A27BB11DEC0160627CE8BF2DF7F2C83D3D94C6844C3CE35FBFFB9D118B3B3B3BFF598930C2E79F1E7BBD00C0C46978BE2A772FCF5DCCE3E6D394C88468ECFD5B36F8E27F7E4DC4DB9508EB42D4BD4BAC8A060013487373F3F3A2017059C477BABABA9EA144C6A7A953A76E128DBC138AA154FB194AC53A4E3A2E377F08002698C993273F3D1A01DF8AF8DF69D3A63D5F898C2FADADADEDF1BFBD2BE2F448365EA844180549C74F7288A792008089E769D1103836E2964AA5F2AF8A63EC6B6F6F7F6D34EC2E8DFFE9D511DB29114651D2F1D338CFBC554900C0C46D0CEC9913CC5B5A5A76501A6336D9F8A7D6D6D6937285B2887DE6CE9DBB9E5261949D679646BC594900C004D6D6D6F6DEA2C1DAAA34C65C63AE33E2EE882F192AC728AEA7B990C11B9404004C703934271A0577B4B6B67E42698C7EF17F7A7D4ECE8DF8595C7F8B126194271DD7D9A01400A8E9E8E8D8ACF846F24B93264DDA40898C3E5D5D5DCF8D246341FC8FEE8DF80F43A9182349C7F5B97CB39200006A72D7EA68209C1B0DDB0B72D95525326AE4C4FFAE6283C75373E96345C2184A3A6E8C73CAD64A0200A84F3CD68F06C2293924A2BDBDFD254A649D37D8DE904B8E465C59A954DEA444188375F837714ED9524900004FD1D6D636271A0B774643775BA531F2A2DC372D92BFECDDF878935DE419BB49C76FA32EBF4A490000FD8A86C2877357EB6800EFA23446CCD3CAA58C231665F2A14818E349C76D112F571200C0CA1A0CDB45FC3EF780501A6B570E9F8A72BE2AE20A3D4C8CA373C81DCDCDCD2F531200C0AA1AC3AF6C6B6BFB75341E8E6F32CC67D8E5C4F0D6D6D62F667217E5BC8732669C251D77451DDF5C490000AB93786C1A8D874B22CEEEEAEA7A861219BA5CF236CA737AB104EEFC68983D47A9300E938E7BA26EBF58490000AB251A0E1BB5B5B59D99AB29C5F5172A912125716F8D725C9A9BFCD9388D719E742C73BE0000D6A411714CB1228D65300729128C1744B97D39CAEFEE884E25C204385FDC3F6DDAB4E72B090060D0A2E1FCB16258D03B95C6AAE550AA28B37DA3BCFE109727B5B7B7FF935261829C2B1EE8EAEA7AAE920000D64834A0DF938DE8B6A03456DAE8DA3ECAE9E7392726AE6FA3449848E2F4F0D0D4A95337511200C0501A14FF168DE9DBA3317DB8D258518E638FB2393D57EF89A8281126A2A8FB8F4C993265632501000CB571FDE268585C9D0DEC4993266DA03C9AD78FB2D83F27D0463236CFB7BC4CF0A4E3712BDE0100C3A2B3B3F359D1C0FE5134302E9AC8F315E2EF7F7B94C32FDADADA7A22F9788D9A81A463F727A64F9FBEA1920000864531597A4134327E15F1D289F4B74792F1A2F89BBF16716744ABDA007D49C7DFF2DCA0240080E16E80CFCA790C9180BC71BCFFADC550AA038BA1549F8BDBCF560318EF3289C8443BF79889786F2EFF1C7170C4F11167648F67BC1F7E990B4D4454251D00C0DA4A3C3E5834C4771DAF7F632E171C715DFCAD17476CE5BFCE584F2472F183F6F6F6D7B6B4B4EC14EFDDF6A8D773223E1FF5FC1B1117465C5B2C95FD44F1FEFE65D6FF4C3472FE52C4219980C4E5FB225E9F894926E64A1700586B8A5DB77313BCFDC7D3DF554C9CCF6F73EF88F8A8FF34A3D8D38A0D29B72996B8AEC4F583B2572E8703C6E505390729AEDF532412F715C32397447C337EF68488FF8C63A6C5FBF9FD11DB66FD97480000A34A345C5E1E7163365E061A62918DA2B1F0B7E4CA5CF1B7CC2E1A669FC9C9F3FEC3AC8B442277F8CE850AE2BDF3EEDC27A7A897C7452C8E383FE29A22E1CF44E2FE38E486B8EC8EF856C48911874674C5FD3BC7E51B3A3A3A36B3F21C0030A6E56EC4B99A53346EBE170DA567D63FD6DEDEFE92B8FF964C4ED6E0A9476C97E3F8FDDF95DF0017DF0C6FE9BFCA708BF7C6F3A26E6DDDD2D2B2635CEE1E3133EADD6723BE1AD7CF2B3698CC3D5FFE12F1C72299EF89382BE2E438E613111F8B989CF3A9E2F936B76A140030D11A541B45C3E8EBD150BAAAB3B3F39FCB64A418CA518D3862904FB953443562ADCE1989DFEB5F8A6F876F8FF890FF248351A95436CDF93E45D2DA5A2C3AF09962D3C8738BFD6DEE2C12893F45DC14D11BF1ED88F9F1739F8CCB8F477C209EEB4D99A44B24000056DD889F1BF1BB6C8815C34032E1A8B6B6B63E9049C820128E07224E2A2E873DF1C8865DB11ACF7DF1BBFE971D9529653D8D24FAFF6B6969F9F7A81B2D1133B28E445DF94AC439114B23FE5F6E8A97F53A1EFB75C4A571FB3BC592D28745EC998B2CC4E59B7379E94CCA952C00C030CA49A9118F94094719D130DB6B1009479968EC3CDC8947314E3EC7C0FF381A83AFF61F1BFF7243CB1C3657AC48F6D1B87E405C1E13975F2E36BDFC69B170C0E3110F46FC26E2B2A827DF8DCB85D95397F537624A2EA010F5E66593274F7EBA92050058478A1E846A3F71F920138E55DD3F2839063EBF8D8EB8351A9ABBF94F8D6D53A74EDD2412807F8D44E01D111FC955D4223E1D715AC40F73A85F316CEEB178FCA1B8BC39EB60FCEFFF3B2E17451C19F11F115323B68BE7DAA2ABABEB194A160060F4271C1F8D787280A4A3BA92FD2E569558E4E30F372DEFF918941C4A95CB821643A98E6E9CECCEE8919B2F4652F0AA9696961DE2F2C3F1FFDA2FFF6771FD8BF1FFFB41C4959934463C1AF170C46F23FE37173188634E89F8541CBF77269511DBE70206FEDF0000E3486E3896DF2A0F94701471FC1A241CA5410FB5CADD9473CC7D8EC5AF542AAFF45F1A79B9F470967DFC0FDE9E93F523F629E6FE9C1AF13F113FC97940113924EFFF8AEB57148FE53147E5CFE48694116FCBE73207070060828A86E1A41C231F97B7AD24E978AC61DF8EC10E9DCAC4E3BEA655F478E4E4DD88B3B3013B9E774D5F57B2D1DFDCDCFC8AEC4D289281BD8BE4E00BD9EB50240DBF2D7A231E297A277E12C77FBFE8B5981B97FB666F462623D9BB615F140000062597FE8C866847F14DF54DF589470E8159C384A33E51B9AFBF9F2B96EECD6548EFCBD731467FF5E530A462B3C7ED7278525C4ECF790FC5B0A5FF2E8631DD52CC8F78B4482EAF2A863DE53C8A4F17C3A13E92C3A372927ECEBB50B200008C5812520CABB93C7B3BB6D8628BFD9A863639FC29733C2A95CAFB8B55877EB0869B118E3B9974E504E95C7129575E2A264E1F514CA4CE9EA0CB8A09D60F1643E36E2F5672CA89D85FCA159E8A09DA3957E79D39713B578252B200008C6A5B6FBDF5911B6EB8E1DF36DA68A38F14773D2D628FE272651A8FABCDF178E94B5FFAF162FCFF2DB95BF3782FBF5CAA35976C8DBFF52D39742C97728DCBC3738F885CE2B5D8332293AF3F174BC0E652B03FCB792D39FC2DF79CC82563239A732F8A5C4A369EEF396A260000E3456D485543C2717AD3F2DDC74F5F49E2D1EF711B6FBCF10776DB6DB7BFBDE73DEFF9DA58DE3721878515BD41B999DC077273B96293B9F9C532BF97E430B5DC8CAED8DDFACE6293BA738B4DEB8ECDDDB08BCDECDE959BDB0D6233460000185F0947D38A43AAF6281289EA4A128FFA84A38C69E5839978342D1F6A35AA268CE752BDB93748A5527953C42E91307C2CE79B449C1C71562409BD113746FCA94824EE8AB83A8E3B2F1EFF6A5CFF4C5C9F1997ADC524FDADE37936558D000060F5138E81128AFAC4A3BFC7BFD24F6232EC3B97F767D2A4491B4402F02F116FC8A15C71D915979F883829AE7F2B92859E62B7F3FB239E88B83BE2E7B9FB79C4E278ECB311B3DAB24BA2A565C7484A5E13F1BCA6550F2D030000D620E15855E2B1DE6A261CF5AF73DF60138F68F4AFDFD1D1B159A552D93672819D23F62836133C31E29B11DD11D7E78A584522F1FB48327E1197E7477C2DAE7F2E2E674754E2E7DE1DF16FC5B2C012090000180509C7CA128FDF0C22E15821F1587FFDF5778964E2C59110BC3EE27D11D3220E8964E0848833232E8E24E15711CB8A44E29E886BE3980BE2B1AF477C3EAE1F14D19E9B1EC6E536F17C2F94480000C0D84C385696780C26E1A889846372240AD5481272D2F5751117457C2377438F64624EEE1F923B95B7B7B7BFB6B3B3F39FE7CE9DBB9E7F1500008C3DCF2D92855307F973990034F670FCA6B87FF59F64BDF53E59FCAC159C0000601C2B7B3A765ECDE357D6D3B1B2E5741BE5EBE56A561FF42F0000808993780CC79C8ED5493C32E118F464720000607C271E032D8BDBDFEA552B4B3C06DBB30200008CB3C4E3BE7E128255EDC3B1AA7D3C4A6F1EE0F901008009A4DCC0AF3E31D8A369D5AB54AD7447F2A67FF4707C54110300009920E424EF5DFB492856B62CEE40C74938000080A7D8B99FC4635AD3AA2789371E57F69C98340E00003CC540733C0693B84838000080B59238ECD424E1000000D6520221E100000006ADDCD06F5543ADDEDC64D2380000B08656D583918FDF23E1000000869A783CDC4FE2D1DFFE1E000000434A3C76AE4B38EC340E00000CABB267636E91807C5091000000C32D7B3CAA120E0000606D7AAE22000000000000000000000000000000000000000000000000006022F9FF018765D800DD9553D60000000049454E44AE426082, '1');

-- ----------------------------
-- Table structure for act_ge_property
-- ----------------------------
DROP TABLE IF EXISTS `act_ge_property`;
CREATE TABLE `act_ge_property` (
  `NAME_` varchar(64) COLLATE utf8_bin NOT NULL DEFAULT '',
  `VALUE_` varchar(300) COLLATE utf8_bin DEFAULT NULL,
  `REV_` int(11) DEFAULT NULL,
  PRIMARY KEY (`NAME_`)
) ENGINE=InnoDB DEFAULT CHARSET=utf8 COLLATE=utf8_bin;

-- ----------------------------
-- Records of act_ge_property
-- ----------------------------
INSERT INTO `act_ge_property` VALUES ('next.dbid', '15001', '7');
INSERT INTO `act_ge_property` VALUES ('schema.history', 'create(5.22.0.0)', '1');
INSERT INTO `act_ge_property` VALUES ('schema.version', '5.22.0.0', '1');

-- ----------------------------
-- Table structure for act_hi_actinst
-- ----------------------------
DROP TABLE IF EXISTS `act_hi_actinst`;
CREATE TABLE `act_hi_actinst` (
  `ID_` varchar(64) COLLATE utf8_bin NOT NULL,
  `PROC_DEF_ID_` varchar(64) COLLATE utf8_bin NOT NULL,
  `PROC_INST_ID_` varchar(64) COLLATE utf8_bin NOT NULL,
  `EXECUTION_ID_` varchar(64) COLLATE utf8_bin NOT NULL,
  `ACT_ID_` varchar(255) COLLATE utf8_bin NOT NULL,
  `TASK_ID_` varchar(64) COLLATE utf8_bin DEFAULT NULL,
  `CALL_PROC_INST_ID_` varchar(64) COLLATE utf8_bin DEFAULT NULL,
  `ACT_NAME_` varchar(255) COLLATE utf8_bin DEFAULT NULL,
  `ACT_TYPE_` varchar(255) COLLATE utf8_bin NOT NULL,
  `ASSIGNEE_` varchar(255) COLLATE utf8_bin DEFAULT NULL,
  `START_TIME_` datetime(3) NOT NULL,
  `END_TIME_` datetime(3) DEFAULT NULL,
  `DURATION_` bigint(20) DEFAULT NULL,
  `TENANT_ID_` varchar(255) COLLATE utf8_bin DEFAULT '',
  PRIMARY KEY (`ID_`),
  KEY `ACT_IDX_HI_ACT_INST_START` (`START_TIME_`),
  KEY `ACT_IDX_HI_ACT_INST_END` (`END_TIME_`),
  KEY `ACT_IDX_HI_ACT_INST_PROCINST` (`PROC_INST_ID_`,`ACT_ID_`),
  KEY `ACT_IDX_HI_ACT_INST_EXEC` (`EXECUTION_ID_`,`ACT_ID_`)
) ENGINE=InnoDB DEFAULT CHARSET=utf8 COLLATE=utf8_bin;

-- ----------------------------
-- Records of act_hi_actinst
-- ----------------------------
INSERT INTO `act_hi_actinst` VALUES ('10', 'LEAVE_ACTIVITI:1:4', '5', '5', 'adminAuditing', '11', null, '', 'userTask', 'admin', '2018-02-28 16:29:14.677', '2018-02-28 16:30:30.091', '75414', '');
INSERT INTO `act_hi_actinst` VALUES ('10002', 'LEAVE_ACTIVITI:1:4', '10001', '10001', 'start', null, null, '', 'startEvent', null, '2018-03-01 14:33:16.267', '2018-03-01 14:33:16.305', '38', '');
INSERT INTO `act_hi_actinst` VALUES ('10004', 'LEAVE_ACTIVITI:1:4', '10001', '10001', 'apply', '10005', null, '', 'userTask', null, '2018-03-01 14:33:16.306', '2018-03-01 14:33:16.502', '196', '');
INSERT INTO `act_hi_actinst` VALUES ('10006', 'LEAVE_ACTIVITI:1:4', '10001', '10001', 'adminAuditing', '10007', null, '', 'userTask', 'admin', '2018-03-01 14:33:16.503', null, null, '');
INSERT INTO `act_hi_actinst` VALUES ('15', 'LEAVE_ACTIVITI:1:4', '5', '5', 'next_1', null, null, '', 'exclusiveGateway', null, '2018-02-28 16:30:30.091', '2018-02-28 16:30:30.137', '46', '');
INSERT INTO `act_hi_actinst` VALUES ('16', 'LEAVE_ACTIVITI:1:4', '5', '5', 'end', null, null, '', 'endEvent', null, '2018-02-28 16:30:30.137', '2018-02-28 16:30:30.137', '0', '');
INSERT INTO `act_hi_actinst` VALUES ('18', 'LEAVE_ACTIVITI:1:4', '17', '17', 'start', null, null, '', 'startEvent', null, '2018-02-28 16:32:30.400', '2018-02-28 16:32:30.404', '4', '');
INSERT INTO `act_hi_actinst` VALUES ('20', 'LEAVE_ACTIVITI:1:4', '17', '17', 'apply', '21', null, '', 'userTask', null, '2018-02-28 16:32:30.404', '2018-02-28 16:32:30.581', '177', '');
INSERT INTO `act_hi_actinst` VALUES ('22', 'LEAVE_ACTIVITI:1:4', '17', '17', 'adminAuditing', '23', null, '', 'userTask', 'admin', '2018-02-28 16:32:30.582', '2018-02-28 16:33:13.530', '42948', '');
INSERT INTO `act_hi_actinst` VALUES ('2503', 'LEAVE_ACTIVITI:1:4', '33', '33', 'end', null, null, '', 'endEvent', null, '2018-02-28 16:59:37.926', '2018-02-28 16:59:37.926', '0', '');
INSERT INTO `act_hi_actinst` VALUES ('2505', 'LEAVE_ACTIVITI:1:4', '2504', '2504', 'start', null, null, '', 'startEvent', null, '2018-02-28 17:04:28.513', '2018-02-28 17:04:28.521', '8', '');
INSERT INTO `act_hi_actinst` VALUES ('2507', 'LEAVE_ACTIVITI:1:4', '2504', '2504', 'apply', '2508', null, '', 'userTask', null, '2018-02-28 17:04:28.521', '2018-02-28 17:04:28.759', '238', '');
INSERT INTO `act_hi_actinst` VALUES ('2509', 'LEAVE_ACTIVITI:1:4', '2504', '2504', 'adminAuditing', '2510', null, '', 'userTask', 'admin', '2018-02-28 17:04:28.760', '2018-02-28 17:05:00.011', '31251', '');
INSERT INTO `act_hi_actinst` VALUES ('2515', 'LEAVE_ACTIVITI:1:4', '2504', '2504', 'next_1', null, null, '', 'exclusiveGateway', null, '2018-02-28 17:05:00.012', '2018-02-28 17:05:00.065', '53', '');
INSERT INTO `act_hi_actinst` VALUES ('2516', 'LEAVE_ACTIVITI:1:4', '2504', '2504', 'superadminAuditing', '2517', null, '', 'userTask', 'superadmin', '2018-02-28 17:05:00.065', '2018-03-01 09:27:28.936', '58948871', '');
INSERT INTO `act_hi_actinst` VALUES ('27', 'LEAVE_ACTIVITI:1:4', '17', '17', 'next_1', null, null, '', 'exclusiveGateway', null, '2018-02-28 16:33:13.530', '2018-02-28 16:33:13.531', '1', '');
INSERT INTO `act_hi_actinst` VALUES ('28', 'LEAVE_ACTIVITI:1:4', '17', '17', 'superadminAuditing', '29', null, '', 'userTask', 'superadmin', '2018-02-28 16:33:13.531', '2018-02-28 16:34:53.569', '100038', '');
INSERT INTO `act_hi_actinst` VALUES ('32', 'LEAVE_ACTIVITI:1:4', '17', '17', 'end', null, null, '', 'endEvent', null, '2018-02-28 16:34:53.570', '2018-02-28 16:34:53.570', '0', '');
INSERT INTO `act_hi_actinst` VALUES ('34', 'LEAVE_ACTIVITI:1:4', '33', '33', 'start', null, null, '', 'startEvent', null, '2018-02-28 16:38:25.999', '2018-02-28 16:38:26.002', '3', '');
INSERT INTO `act_hi_actinst` VALUES ('36', 'LEAVE_ACTIVITI:1:4', '33', '33', 'apply', '37', null, '', 'userTask', null, '2018-02-28 16:38:26.002', '2018-02-28 16:38:26.153', '151', '');
INSERT INTO `act_hi_actinst` VALUES ('38', 'LEAVE_ACTIVITI:1:4', '33', '33', 'adminAuditing', '39', null, '', 'userTask', 'admin', '2018-02-28 16:38:26.153', '2018-02-28 16:47:17.664', '531511', '');
INSERT INTO `act_hi_actinst` VALUES ('43', 'LEAVE_ACTIVITI:1:4', '33', '33', 'next_1', null, null, '', 'exclusiveGateway', null, '2018-02-28 16:47:17.665', '2018-02-28 16:47:17.665', '0', '');
INSERT INTO `act_hi_actinst` VALUES ('44', 'LEAVE_ACTIVITI:1:4', '33', '33', 'superadminAuditing', '45', null, '', 'userTask', 'superadmin', '2018-02-28 16:47:17.665', '2018-02-28 16:59:37.924', '740259', '');
INSERT INTO `act_hi_actinst` VALUES ('5002', 'LEAVE_ACTIVITI:1:4', '5001', '5001', 'start', null, null, '', 'startEvent', null, '2018-03-01 09:10:21.336', '2018-03-01 09:10:21.400', '64', '');
INSERT INTO `act_hi_actinst` VALUES ('5004', 'LEAVE_ACTIVITI:1:4', '5001', '5001', 'apply', '5005', null, '', 'userTask', null, '2018-03-01 09:10:21.401', '2018-03-01 09:10:21.706', '305', '');
INSERT INTO `act_hi_actinst` VALUES ('5006', 'LEAVE_ACTIVITI:1:4', '5001', '5001', 'adminAuditing', '5007', null, '', 'userTask', 'admin', '2018-03-01 09:10:21.706', '2018-03-01 09:39:52.478', '1770772', '');
INSERT INTO `act_hi_actinst` VALUES ('5011', 'LEAVE_ACTIVITI:1:4', '2504', '2504', 'end', null, null, '', 'endEvent', null, '2018-03-01 09:27:28.937', '2018-03-01 09:27:28.937', '0', '');
INSERT INTO `act_hi_actinst` VALUES ('5015', 'LEAVE_ACTIVITI:1:4', '5001', '5001', 'next_1', null, null, '', 'exclusiveGateway', null, '2018-03-01 09:39:52.478', '2018-03-01 09:39:52.528', '50', '');
INSERT INTO `act_hi_actinst` VALUES ('5016', 'LEAVE_ACTIVITI:1:4', '5001', '5001', 'superadminAuditing', '5017', null, '', 'userTask', 'superadmin', '2018-03-01 09:39:52.528', null, null, '');
INSERT INTO `act_hi_actinst` VALUES ('6', 'LEAVE_ACTIVITI:1:4', '5', '5', 'start', null, null, '', 'startEvent', null, '2018-02-28 16:29:14.373', '2018-02-28 16:29:14.427', '54', '');
INSERT INTO `act_hi_actinst` VALUES ('7502', 'LEAVE_ACTIVITI:1:4', '7501', '7501', 'start', null, null, '', 'startEvent', null, '2018-03-01 09:49:06.703', '2018-03-01 09:49:06.759', '56', '');
INSERT INTO `act_hi_actinst` VALUES ('7504', 'LEAVE_ACTIVITI:1:4', '7501', '7501', 'apply', '7505', null, '', 'userTask', null, '2018-03-01 09:49:06.761', '2018-03-01 09:49:06.976', '215', '');
INSERT INTO `act_hi_actinst` VALUES ('7506', 'LEAVE_ACTIVITI:1:4', '7501', '7501', 'adminAuditing', '7507', null, '', 'userTask', 'admin', '2018-03-01 09:49:06.976', '2018-03-01 09:49:45.610', '38634', '');
INSERT INTO `act_hi_actinst` VALUES ('7512', 'LEAVE_ACTIVITI:1:4', '7501', '7501', 'next_1', null, null, '', 'exclusiveGateway', null, '2018-03-01 09:49:45.611', '2018-03-01 09:49:45.652', '41', '');
INSERT INTO `act_hi_actinst` VALUES ('7513', 'LEAVE_ACTIVITI:1:4', '7501', '7501', 'superadminAuditing', '7514', null, '', 'userTask', 'superadmin', '2018-03-01 09:49:45.652', '2018-03-01 10:00:53.461', '667809', '');
INSERT INTO `act_hi_actinst` VALUES ('7518', 'LEAVE_ACTIVITI:1:4', '7501', '7501', 'end', null, null, '', 'endEvent', null, '2018-03-01 10:00:53.461', '2018-03-01 10:00:53.461', '0', '');
INSERT INTO `act_hi_actinst` VALUES ('8', 'LEAVE_ACTIVITI:1:4', '5', '5', 'apply', '9', null, '', 'userTask', null, '2018-02-28 16:29:14.429', '2018-02-28 16:29:14.677', '248', '');

-- ----------------------------
-- Table structure for act_hi_attachment
-- ----------------------------
DROP TABLE IF EXISTS `act_hi_attachment`;
CREATE TABLE `act_hi_attachment` (
  `ID_` varchar(64) COLLATE utf8_bin NOT NULL,
  `REV_` int(11) DEFAULT NULL,
  `USER_ID_` varchar(255) COLLATE utf8_bin DEFAULT NULL,
  `NAME_` varchar(255) COLLATE utf8_bin DEFAULT NULL,
  `DESCRIPTION_` varchar(4000) COLLATE utf8_bin DEFAULT NULL,
  `TYPE_` varchar(255) COLLATE utf8_bin DEFAULT NULL,
  `TASK_ID_` varchar(64) COLLATE utf8_bin DEFAULT NULL,
  `PROC_INST_ID_` varchar(64) COLLATE utf8_bin DEFAULT NULL,
  `URL_` varchar(4000) COLLATE utf8_bin DEFAULT NULL,
  `CONTENT_ID_` varchar(64) COLLATE utf8_bin DEFAULT NULL,
  `TIME_` datetime(3) DEFAULT NULL,
  PRIMARY KEY (`ID_`)
) ENGINE=InnoDB DEFAULT CHARSET=utf8 COLLATE=utf8_bin;

-- ----------------------------
-- Records of act_hi_attachment
-- ----------------------------

-- ----------------------------
-- Table structure for act_hi_comment
-- ----------------------------
DROP TABLE IF EXISTS `act_hi_comment`;
CREATE TABLE `act_hi_comment` (
  `ID_` varchar(64) COLLATE utf8_bin NOT NULL,
  `TYPE_` varchar(255) COLLATE utf8_bin DEFAULT NULL,
  `TIME_` datetime(3) NOT NULL,
  `USER_ID_` varchar(255) COLLATE utf8_bin DEFAULT NULL,
  `TASK_ID_` varchar(64) COLLATE utf8_bin DEFAULT NULL,
  `PROC_INST_ID_` varchar(64) COLLATE utf8_bin DEFAULT NULL,
  `ACTION_` varchar(255) COLLATE utf8_bin DEFAULT NULL,
  `MESSAGE_` varchar(4000) COLLATE utf8_bin DEFAULT NULL,
  `FULL_MSG_` longblob,
  PRIMARY KEY (`ID_`)
) ENGINE=InnoDB DEFAULT CHARSET=utf8 COLLATE=utf8_bin;

-- ----------------------------
-- Records of act_hi_comment
-- ----------------------------
INSERT INTO `act_hi_comment` VALUES ('13', 'comment', '2018-02-28 16:30:30.015', null, '11', '5', 'AddComment', '', 0xE5A5BDE79A84E4BDA0E59B9EE58EBBE590A7);
INSERT INTO `act_hi_comment` VALUES ('25', 'comment', '2018-02-28 16:33:13.460', null, '23', '17', 'AddComment', '', 0xE4BDA0E78EB0E59CA8E5B0B1E58FAFE4BBA5E59B9EE5AEB6E4BA86);
INSERT INTO `act_hi_comment` VALUES ('2501', 'comment', '2018-02-28 16:59:37.732', 'superadmin[]', '45', '33', 'AddComment', '', 0xE58FAFE4BBA5E58FAFE4BBA5E58EBBE590A7);
INSERT INTO `act_hi_comment` VALUES ('2512', 'comment', '2018-02-28 17:04:59.939', 'admin[]', '2510', '2504', 'AddComment', '', 0xE8AEB0E5BE97E59B9EE69DA5E59388E59388);
INSERT INTO `act_hi_comment` VALUES ('31', 'comment', '2018-02-28 16:34:53.474', null, '29', '17', 'AddComment', '', 0xE5A5BDE4BA86EFBC8CE6B3A8E6848FE5AE89E585A8);
INSERT INTO `act_hi_comment` VALUES ('41', 'comment', '2018-02-28 16:47:17.591', null, '39', '33', 'AddComment', '', 0xE58EBBE590A7E5ADA9E5AD90);
INSERT INTO `act_hi_comment` VALUES ('5009', 'comment', '2018-03-01 09:27:28.794', 'superadmin[]', '2517', '2504', 'AddComment', '', 0xE5A5BDE79A84EFBC8CE8B7AFE4B88AE5B08FE5BF83);
INSERT INTO `act_hi_comment` VALUES ('5012', 'comment', '2018-03-01 09:39:52.408', 'admin[]', '5007', '5001', 'AddComment', '', 0xE5A5BDE593A6EFBC8CE5A5BDE593A6);
INSERT INTO `act_hi_comment` VALUES ('7509', 'comment', '2018-03-01 09:49:45.481', 'admin[]', '7507', '7501', 'AddComment', '6666', 0xE7BB99E4BDA0E5968A36363636);
INSERT INTO `act_hi_comment` VALUES ('7516', 'comment', '2018-03-01 10:00:53.370', 'superadmin[]', '7514', '7501', 'AddComment', '', 0xE4B88DE8A18CEFBC8CE4B88DE8A18C);

-- ----------------------------
-- Table structure for act_hi_detail
-- ----------------------------
DROP TABLE IF EXISTS `act_hi_detail`;
CREATE TABLE `act_hi_detail` (
  `ID_` varchar(64) COLLATE utf8_bin NOT NULL,
  `TYPE_` varchar(255) COLLATE utf8_bin NOT NULL,
  `PROC_INST_ID_` varchar(64) COLLATE utf8_bin DEFAULT NULL,
  `EXECUTION_ID_` varchar(64) COLLATE utf8_bin DEFAULT NULL,
  `TASK_ID_` varchar(64) COLLATE utf8_bin DEFAULT NULL,
  `ACT_INST_ID_` varchar(64) COLLATE utf8_bin DEFAULT NULL,
  `NAME_` varchar(255) COLLATE utf8_bin NOT NULL,
  `VAR_TYPE_` varchar(255) COLLATE utf8_bin DEFAULT NULL,
  `REV_` int(11) DEFAULT NULL,
  `TIME_` datetime(3) NOT NULL,
  `BYTEARRAY_ID_` varchar(64) COLLATE utf8_bin DEFAULT NULL,
  `DOUBLE_` double DEFAULT NULL,
  `LONG_` bigint(20) DEFAULT NULL,
  `TEXT_` varchar(4000) COLLATE utf8_bin DEFAULT NULL,
  `TEXT2_` varchar(4000) COLLATE utf8_bin DEFAULT NULL,
  PRIMARY KEY (`ID_`),
  KEY `ACT_IDX_HI_DETAIL_PROC_INST` (`PROC_INST_ID_`),
  KEY `ACT_IDX_HI_DETAIL_ACT_INST` (`ACT_INST_ID_`),
  KEY `ACT_IDX_HI_DETAIL_TIME` (`TIME_`),
  KEY `ACT_IDX_HI_DETAIL_NAME` (`NAME_`),
  KEY `ACT_IDX_HI_DETAIL_TASK_ID` (`TASK_ID_`)
) ENGINE=InnoDB DEFAULT CHARSET=utf8 COLLATE=utf8_bin;

-- ----------------------------
-- Records of act_hi_detail
-- ----------------------------

-- ----------------------------
-- Table structure for act_hi_identitylink
-- ----------------------------
DROP TABLE IF EXISTS `act_hi_identitylink`;
CREATE TABLE `act_hi_identitylink` (
  `ID_` varchar(64) COLLATE utf8_bin NOT NULL DEFAULT '',
  `GROUP_ID_` varchar(255) COLLATE utf8_bin DEFAULT NULL,
  `TYPE_` varchar(255) COLLATE utf8_bin DEFAULT NULL,
  `USER_ID_` varchar(255) COLLATE utf8_bin DEFAULT NULL,
  `TASK_ID_` varchar(64) COLLATE utf8_bin DEFAULT NULL,
  `PROC_INST_ID_` varchar(64) COLLATE utf8_bin DEFAULT NULL,
  PRIMARY KEY (`ID_`),
  KEY `ACT_IDX_HI_IDENT_LNK_USER` (`USER_ID_`),
  KEY `ACT_IDX_HI_IDENT_LNK_TASK` (`TASK_ID_`),
  KEY `ACT_IDX_HI_IDENT_LNK_PROCINST` (`PROC_INST_ID_`)
) ENGINE=InnoDB DEFAULT CHARSET=utf8 COLLATE=utf8_bin;

-- ----------------------------
-- Records of act_hi_identitylink
-- ----------------------------
INSERT INTO `act_hi_identitylink` VALUES ('10008', null, 'participant', 'admin', null, '10001');
INSERT INTO `act_hi_identitylink` VALUES ('12', null, 'participant', 'admin', null, '5');
INSERT INTO `act_hi_identitylink` VALUES ('24', null, 'participant', 'admin', null, '17');
INSERT INTO `act_hi_identitylink` VALUES ('2502', null, 'participant', 'superadmin[]', null, '33');
INSERT INTO `act_hi_identitylink` VALUES ('2511', null, 'participant', 'admin', null, '2504');
INSERT INTO `act_hi_identitylink` VALUES ('2514', null, 'participant', 'admin[]', null, '2504');
INSERT INTO `act_hi_identitylink` VALUES ('2518', null, 'participant', 'superadmin', null, '2504');
INSERT INTO `act_hi_identitylink` VALUES ('30', null, 'participant', 'superadmin', null, '17');
INSERT INTO `act_hi_identitylink` VALUES ('40', null, 'participant', 'admin', null, '33');
INSERT INTO `act_hi_identitylink` VALUES ('46', null, 'participant', 'superadmin', null, '33');
INSERT INTO `act_hi_identitylink` VALUES ('5008', null, 'participant', 'admin', null, '5001');
INSERT INTO `act_hi_identitylink` VALUES ('5010', null, 'participant', 'superadmin[]', null, '2504');
INSERT INTO `act_hi_identitylink` VALUES ('5014', null, 'participant', 'admin[]', null, '5001');
INSERT INTO `act_hi_identitylink` VALUES ('5018', null, 'participant', 'superadmin', null, '5001');
INSERT INTO `act_hi_identitylink` VALUES ('7508', null, 'participant', 'admin', null, '7501');
INSERT INTO `act_hi_identitylink` VALUES ('7511', null, 'participant', 'admin[]', null, '7501');
INSERT INTO `act_hi_identitylink` VALUES ('7515', null, 'participant', 'superadmin', null, '7501');
INSERT INTO `act_hi_identitylink` VALUES ('7517', null, 'participant', 'superadmin[]', null, '7501');

-- ----------------------------
-- Table structure for act_hi_procinst
-- ----------------------------
DROP TABLE IF EXISTS `act_hi_procinst`;
CREATE TABLE `act_hi_procinst` (
  `ID_` varchar(64) COLLATE utf8_bin NOT NULL,
  `PROC_INST_ID_` varchar(64) COLLATE utf8_bin NOT NULL,
  `BUSINESS_KEY_` varchar(255) COLLATE utf8_bin DEFAULT NULL,
  `PROC_DEF_ID_` varchar(64) COLLATE utf8_bin NOT NULL,
  `START_TIME_` datetime(3) NOT NULL,
  `END_TIME_` datetime(3) DEFAULT NULL,
  `DURATION_` bigint(20) DEFAULT NULL,
  `START_USER_ID_` varchar(255) COLLATE utf8_bin DEFAULT NULL,
  `START_ACT_ID_` varchar(255) COLLATE utf8_bin DEFAULT NULL,
  `END_ACT_ID_` varchar(255) COLLATE utf8_bin DEFAULT NULL,
  `SUPER_PROCESS_INSTANCE_ID_` varchar(64) COLLATE utf8_bin DEFAULT NULL,
  `DELETE_REASON_` varchar(4000) COLLATE utf8_bin DEFAULT NULL,
  `TENANT_ID_` varchar(255) COLLATE utf8_bin DEFAULT '',
  `NAME_` varchar(255) COLLATE utf8_bin DEFAULT NULL,
  PRIMARY KEY (`ID_`),
  UNIQUE KEY `PROC_INST_ID_` (`PROC_INST_ID_`),
  KEY `ACT_IDX_HI_PRO_INST_END` (`END_TIME_`),
  KEY `ACT_IDX_HI_PRO_I_BUSKEY` (`BUSINESS_KEY_`)
) ENGINE=InnoDB DEFAULT CHARSET=utf8 COLLATE=utf8_bin;

-- ----------------------------
-- Records of act_hi_procinst
-- ----------------------------
INSERT INTO `act_hi_procinst` VALUES ('10001', '10001', null, 'LEAVE_ACTIVITI:1:4', '2018-03-01 14:33:16.266', null, null, null, 'start', null, null, null, '', null);
INSERT INTO `act_hi_procinst` VALUES ('17', '17', null, 'LEAVE_ACTIVITI:1:4', '2018-02-28 16:32:30.400', '2018-02-28 16:34:53.573', '143173', null, 'start', 'end', null, null, '', null);
INSERT INTO `act_hi_procinst` VALUES ('2504', '2504', null, 'LEAVE_ACTIVITI:1:4', '2018-02-28 17:04:28.513', '2018-03-01 09:27:28.942', '58980429', null, 'start', 'end', null, null, '', null);
INSERT INTO `act_hi_procinst` VALUES ('33', '33', null, 'LEAVE_ACTIVITI:1:4', '2018-02-28 16:38:25.999', '2018-02-28 16:59:37.931', '1271932', null, 'start', 'end', null, null, '', null);
INSERT INTO `act_hi_procinst` VALUES ('5', '5', null, 'LEAVE_ACTIVITI:1:4', '2018-02-28 16:29:14.372', '2018-02-28 16:30:30.143', '75771', null, 'start', 'end', null, null, '', null);
INSERT INTO `act_hi_procinst` VALUES ('5001', '5001', null, 'LEAVE_ACTIVITI:1:4', '2018-03-01 09:10:21.336', null, null, null, 'start', null, null, null, '', null);
INSERT INTO `act_hi_procinst` VALUES ('7501', '7501', null, 'LEAVE_ACTIVITI:1:4', '2018-03-01 09:49:06.702', '2018-03-01 10:00:53.467', '706765', null, 'start', 'end', null, null, '', null);

-- ----------------------------
-- Table structure for act_hi_taskinst
-- ----------------------------
DROP TABLE IF EXISTS `act_hi_taskinst`;
CREATE TABLE `act_hi_taskinst` (
  `ID_` varchar(64) COLLATE utf8_bin NOT NULL,
  `PROC_DEF_ID_` varchar(64) COLLATE utf8_bin DEFAULT NULL,
  `TASK_DEF_KEY_` varchar(255) COLLATE utf8_bin DEFAULT NULL,
  `PROC_INST_ID_` varchar(64) COLLATE utf8_bin DEFAULT NULL,
  `EXECUTION_ID_` varchar(64) COLLATE utf8_bin DEFAULT NULL,
  `NAME_` varchar(255) COLLATE utf8_bin DEFAULT NULL,
  `PARENT_TASK_ID_` varchar(64) COLLATE utf8_bin DEFAULT NULL,
  `DESCRIPTION_` varchar(4000) COLLATE utf8_bin DEFAULT NULL,
  `OWNER_` varchar(255) COLLATE utf8_bin DEFAULT NULL,
  `ASSIGNEE_` varchar(255) COLLATE utf8_bin DEFAULT NULL,
  `START_TIME_` datetime(3) NOT NULL,
  `CLAIM_TIME_` datetime(3) DEFAULT NULL,
  `END_TIME_` datetime(3) DEFAULT NULL,
  `DURATION_` bigint(20) DEFAULT NULL,
  `DELETE_REASON_` varchar(4000) COLLATE utf8_bin DEFAULT NULL,
  `PRIORITY_` int(11) DEFAULT NULL,
  `DUE_DATE_` datetime(3) DEFAULT NULL,
  `FORM_KEY_` varchar(255) COLLATE utf8_bin DEFAULT NULL,
  `CATEGORY_` varchar(255) COLLATE utf8_bin DEFAULT NULL,
  `TENANT_ID_` varchar(255) COLLATE utf8_bin DEFAULT '',
  PRIMARY KEY (`ID_`),
  KEY `ACT_IDX_HI_TASK_INST_PROCINST` (`PROC_INST_ID_`)
) ENGINE=InnoDB DEFAULT CHARSET=utf8 COLLATE=utf8_bin;

-- ----------------------------
-- Records of act_hi_taskinst
-- ----------------------------
INSERT INTO `act_hi_taskinst` VALUES ('10005', 'LEAVE_ACTIVITI:1:4', 'apply', '10001', '10001', '', null, null, null, null, '2018-03-01 14:33:16.309', null, '2018-03-01 14:33:16.471', '162', 'completed', '50', null, null, null, '');
INSERT INTO `act_hi_taskinst` VALUES ('10007', 'LEAVE_ACTIVITI:1:4', 'adminAuditing', '10001', '10001', '', null, null, null, 'admin', '2018-03-01 14:33:16.503', null, null, null, null, '50', null, null, null, '');
INSERT INTO `act_hi_taskinst` VALUES ('11', 'LEAVE_ACTIVITI:1:4', 'adminAuditing', '5', '5', '', null, null, null, 'admin', '2018-02-28 16:29:14.677', null, '2018-02-28 16:30:30.081', '75404', 'completed', '50', null, null, null, '');
INSERT INTO `act_hi_taskinst` VALUES ('21', 'LEAVE_ACTIVITI:1:4', 'apply', '17', '17', '', null, null, null, null, '2018-02-28 16:32:30.420', null, '2018-02-28 16:32:30.569', '149', 'completed', '50', null, null, null, '');
INSERT INTO `act_hi_taskinst` VALUES ('23', 'LEAVE_ACTIVITI:1:4', 'adminAuditing', '17', '17', '', null, null, null, 'admin', '2018-02-28 16:32:30.582', null, '2018-02-28 16:33:13.521', '42939', 'completed', '50', null, null, null, '');
INSERT INTO `act_hi_taskinst` VALUES ('2508', 'LEAVE_ACTIVITI:1:4', 'apply', '2504', '2504', '', null, null, null, null, '2018-02-28 17:04:28.524', null, '2018-02-28 17:04:28.742', '218', 'completed', '50', null, null, null, '');
INSERT INTO `act_hi_taskinst` VALUES ('2510', 'LEAVE_ACTIVITI:1:4', 'adminAuditing', '2504', '2504', '', null, null, null, 'admin', '2018-02-28 17:04:28.760', null, '2018-02-28 17:05:00.001', '31241', 'completed', '50', null, null, null, '');
INSERT INTO `act_hi_taskinst` VALUES ('2517', 'LEAVE_ACTIVITI:1:4', 'superadminAuditing', '2504', '2504', '', null, null, null, 'superadmin', '2018-02-28 17:05:00.065', null, '2018-03-01 09:27:28.928', '58948863', 'completed', '50', null, null, null, '');
INSERT INTO `act_hi_taskinst` VALUES ('29', 'LEAVE_ACTIVITI:1:4', 'superadminAuditing', '17', '17', '', null, null, null, 'superadmin', '2018-02-28 16:33:13.531', null, '2018-02-28 16:34:53.560', '100029', 'completed', '50', null, null, null, '');
INSERT INTO `act_hi_taskinst` VALUES ('37', 'LEAVE_ACTIVITI:1:4', 'apply', '33', '33', '', null, null, null, null, '2018-02-28 16:38:26.006', null, '2018-02-28 16:38:26.140', '134', 'completed', '50', null, null, null, '');
INSERT INTO `act_hi_taskinst` VALUES ('39', 'LEAVE_ACTIVITI:1:4', 'adminAuditing', '33', '33', '', null, null, null, 'admin', '2018-02-28 16:38:26.154', null, '2018-02-28 16:47:17.657', '531503', 'completed', '50', null, null, null, '');
INSERT INTO `act_hi_taskinst` VALUES ('45', 'LEAVE_ACTIVITI:1:4', 'superadminAuditing', '33', '33', '', null, null, null, 'superadmin', '2018-02-28 16:47:17.666', null, '2018-02-28 16:59:37.861', '740195', 'completed', '50', null, null, null, '');
INSERT INTO `act_hi_taskinst` VALUES ('5005', 'LEAVE_ACTIVITI:1:4', 'apply', '5001', '5001', '', null, null, null, null, '2018-03-01 09:10:21.405', null, '2018-03-01 09:10:21.673', '268', 'completed', '50', null, null, null, '');
INSERT INTO `act_hi_taskinst` VALUES ('5007', 'LEAVE_ACTIVITI:1:4', 'adminAuditing', '5001', '5001', '', null, null, null, 'admin', '2018-03-01 09:10:21.707', null, '2018-03-01 09:39:52.470', '1770763', 'completed', '50', null, null, null, '');
INSERT INTO `act_hi_taskinst` VALUES ('5017', 'LEAVE_ACTIVITI:1:4', 'superadminAuditing', '5001', '5001', '', null, null, null, 'superadmin', '2018-03-01 09:39:52.528', null, null, null, null, '50', null, null, null, '');
INSERT INTO `act_hi_taskinst` VALUES ('7505', 'LEAVE_ACTIVITI:1:4', 'apply', '7501', '7501', '', null, null, null, null, '2018-03-01 09:49:06.766', null, '2018-03-01 09:49:06.955', '189', 'completed', '50', null, null, null, '');
INSERT INTO `act_hi_taskinst` VALUES ('7507', 'LEAVE_ACTIVITI:1:4', 'adminAuditing', '7501', '7501', '', null, null, null, 'admin', '2018-03-01 09:49:06.976', null, '2018-03-01 09:49:45.601', '38625', 'completed', '50', null, null, null, '');
INSERT INTO `act_hi_taskinst` VALUES ('7514', 'LEAVE_ACTIVITI:1:4', 'superadminAuditing', '7501', '7501', '', null, null, null, 'superadmin', '2018-03-01 09:49:45.653', null, '2018-03-01 10:00:53.447', '667794', 'completed', '50', null, null, null, '');
INSERT INTO `act_hi_taskinst` VALUES ('9', 'LEAVE_ACTIVITI:1:4', 'apply', '5', '5', '', null, null, null, null, '2018-02-28 16:29:14.433', null, '2018-02-28 16:29:14.642', '209', 'completed', '50', null, null, null, '');

-- ----------------------------
-- Table structure for act_hi_varinst
-- ----------------------------
DROP TABLE IF EXISTS `act_hi_varinst`;
CREATE TABLE `act_hi_varinst` (
  `ID_` varchar(64) COLLATE utf8_bin NOT NULL,
  `PROC_INST_ID_` varchar(64) COLLATE utf8_bin DEFAULT NULL,
  `EXECUTION_ID_` varchar(64) COLLATE utf8_bin DEFAULT NULL,
  `TASK_ID_` varchar(64) COLLATE utf8_bin DEFAULT NULL,
  `NAME_` varchar(255) COLLATE utf8_bin NOT NULL,
  `VAR_TYPE_` varchar(100) COLLATE utf8_bin DEFAULT NULL,
  `REV_` int(11) DEFAULT NULL,
  `BYTEARRAY_ID_` varchar(64) COLLATE utf8_bin DEFAULT NULL,
  `DOUBLE_` double DEFAULT NULL,
  `LONG_` bigint(20) DEFAULT NULL,
  `TEXT_` varchar(4000) COLLATE utf8_bin DEFAULT NULL,
  `TEXT2_` varchar(4000) COLLATE utf8_bin DEFAULT NULL,
  `CREATE_TIME_` datetime(3) DEFAULT NULL,
  `LAST_UPDATED_TIME_` datetime(3) DEFAULT NULL,
  PRIMARY KEY (`ID_`),
  KEY `ACT_IDX_HI_PROCVAR_PROC_INST` (`PROC_INST_ID_`),
  KEY `ACT_IDX_HI_PROCVAR_NAME_TYPE` (`NAME_`,`VAR_TYPE_`),
  KEY `ACT_IDX_HI_PROCVAR_TASK_ID` (`TASK_ID_`)
) ENGINE=InnoDB DEFAULT CHARSET=utf8 COLLATE=utf8_bin;

-- ----------------------------
-- Records of act_hi_varinst
-- ----------------------------
INSERT INTO `act_hi_varinst` VALUES ('10003', '10001', '10001', null, 'leaveId', 'string', '0', null, null, null, '7a4043897cd34d2b80f1a4b24c105a02', null, '2018-03-01 14:33:16.267', '2018-03-01 14:33:16.267');
INSERT INTO `act_hi_varinst` VALUES ('14', '5', '5', null, 'flag', 'string', '0', null, null, null, 'no', null, '2018-02-28 16:30:30.070', '2018-02-28 16:30:30.150');
INSERT INTO `act_hi_varinst` VALUES ('19', '17', '17', null, 'leaveId', 'string', '1', null, null, null, '1de8184d329944efa0c7d876a278ae7e', null, '2018-02-28 16:32:30.400', '2018-02-28 16:34:53.577');
INSERT INTO `act_hi_varinst` VALUES ('2506', '2504', '2504', null, 'leaveId', 'string', '1', null, null, null, '6f6d2a91532d48d2b22a06fbba85672f', null, '2018-02-28 17:04:28.513', '2018-03-01 09:27:28.947');
INSERT INTO `act_hi_varinst` VALUES ('2513', '2504', '2504', null, 'flag', 'string', '1', null, null, null, 'yes', null, '2018-02-28 17:04:59.984', '2018-03-01 09:27:28.947');
INSERT INTO `act_hi_varinst` VALUES ('26', '17', '17', null, 'flag', 'string', '1', null, null, null, 'yes', null, '2018-02-28 16:33:13.509', '2018-02-28 16:34:53.577');
INSERT INTO `act_hi_varinst` VALUES ('35', '33', '33', null, 'leaveId', 'string', '1', null, null, null, '2086f1ffe5b441a8856a771a6dcca0b9', null, '2018-02-28 16:38:25.999', '2018-02-28 16:59:37.936');
INSERT INTO `act_hi_varinst` VALUES ('42', '33', '33', null, 'flag', 'string', '1', null, null, null, 'yes', null, '2018-02-28 16:47:17.647', '2018-02-28 16:59:37.936');
INSERT INTO `act_hi_varinst` VALUES ('5003', '5001', '5001', null, 'leaveId', 'string', '0', null, null, null, 'ba19e80a06c9497682abb5abac9ff07f', null, '2018-03-01 09:10:21.337', '2018-03-01 09:10:21.337');
INSERT INTO `act_hi_varinst` VALUES ('5013', '5001', '5001', null, 'flag', 'string', '0', null, null, null, 'yes', null, '2018-03-01 09:39:52.452', '2018-03-01 09:39:52.452');
INSERT INTO `act_hi_varinst` VALUES ('7', '5', '5', null, 'leaveId', 'string', '1', null, null, null, '1', null, '2018-02-28 16:29:14.374', '2018-02-28 16:30:30.150');
INSERT INTO `act_hi_varinst` VALUES ('7503', '7501', '7501', null, 'leaveId', 'string', '1', null, null, null, 'f66df0a7fa2f4f9cb423a9c94802f0c3', null, '2018-03-01 09:49:06.704', '2018-03-01 10:00:53.473');
INSERT INTO `act_hi_varinst` VALUES ('7510', '7501', '7501', null, 'flag', 'string', '1', null, null, null, 'no', null, '2018-03-01 09:49:45.582', '2018-03-01 10:00:53.473');

-- ----------------------------
-- Table structure for act_id_group
-- ----------------------------
DROP TABLE IF EXISTS `act_id_group`;
CREATE TABLE `act_id_group` (
  `ID_` varchar(64) COLLATE utf8_bin NOT NULL DEFAULT '',
  `REV_` int(11) DEFAULT NULL,
  `NAME_` varchar(255) COLLATE utf8_bin DEFAULT NULL,
  `TYPE_` varchar(255) COLLATE utf8_bin DEFAULT NULL,
  PRIMARY KEY (`ID_`)
) ENGINE=InnoDB DEFAULT CHARSET=utf8 COLLATE=utf8_bin;

-- ----------------------------
-- Records of act_id_group
-- ----------------------------

-- ----------------------------
-- Table structure for act_id_info
-- ----------------------------
DROP TABLE IF EXISTS `act_id_info`;
CREATE TABLE `act_id_info` (
  `ID_` varchar(64) COLLATE utf8_bin NOT NULL DEFAULT '',
  `REV_` int(11) DEFAULT NULL,
  `USER_ID_` varchar(64) COLLATE utf8_bin DEFAULT NULL,
  `TYPE_` varchar(64) COLLATE utf8_bin DEFAULT NULL,
  `KEY_` varchar(255) COLLATE utf8_bin DEFAULT NULL,
  `VALUE_` varchar(255) COLLATE utf8_bin DEFAULT NULL,
  `PASSWORD_` longblob,
  `PARENT_ID_` varchar(255) COLLATE utf8_bin DEFAULT NULL,
  PRIMARY KEY (`ID_`)
) ENGINE=InnoDB DEFAULT CHARSET=utf8 COLLATE=utf8_bin;

-- ----------------------------
-- Records of act_id_info
-- ----------------------------

-- ----------------------------
-- Table structure for act_id_membership
-- ----------------------------
DROP TABLE IF EXISTS `act_id_membership`;
CREATE TABLE `act_id_membership` (
  `USER_ID_` varchar(64) COLLATE utf8_bin NOT NULL DEFAULT '',
  `GROUP_ID_` varchar(64) COLLATE utf8_bin NOT NULL DEFAULT '',
  PRIMARY KEY (`USER_ID_`,`GROUP_ID_`),
  KEY `ACT_FK_MEMB_GROUP` (`GROUP_ID_`),
  CONSTRAINT `ACT_FK_MEMB_GROUP` FOREIGN KEY (`GROUP_ID_`) REFERENCES `act_id_group` (`ID_`),
  CONSTRAINT `ACT_FK_MEMB_USER` FOREIGN KEY (`USER_ID_`) REFERENCES `act_id_user` (`ID_`)
) ENGINE=InnoDB DEFAULT CHARSET=utf8 COLLATE=utf8_bin;

-- ----------------------------
-- Records of act_id_membership
-- ----------------------------

-- ----------------------------
-- Table structure for act_id_user
-- ----------------------------
DROP TABLE IF EXISTS `act_id_user`;
CREATE TABLE `act_id_user` (
  `ID_` varchar(64) COLLATE utf8_bin NOT NULL DEFAULT '',
  `REV_` int(11) DEFAULT NULL,
  `FIRST_` varchar(255) COLLATE utf8_bin DEFAULT NULL,
  `LAST_` varchar(255) COLLATE utf8_bin DEFAULT NULL,
  `EMAIL_` varchar(255) COLLATE utf8_bin DEFAULT NULL,
  `PWD_` varchar(255) COLLATE utf8_bin DEFAULT NULL,
  `PICTURE_ID_` varchar(64) COLLATE utf8_bin DEFAULT NULL,
  PRIMARY KEY (`ID_`)
) ENGINE=InnoDB DEFAULT CHARSET=utf8 COLLATE=utf8_bin;

-- ----------------------------
-- Records of act_id_user
-- ----------------------------

-- ----------------------------
-- Table structure for act_procdef_info
-- ----------------------------
DROP TABLE IF EXISTS `act_procdef_info`;
CREATE TABLE `act_procdef_info` (
  `ID_` varchar(64) COLLATE utf8_bin NOT NULL,
  `PROC_DEF_ID_` varchar(64) COLLATE utf8_bin NOT NULL,
  `REV_` int(11) DEFAULT NULL,
  `INFO_JSON_ID_` varchar(64) COLLATE utf8_bin DEFAULT NULL,
  PRIMARY KEY (`ID_`),
  UNIQUE KEY `ACT_UNIQ_INFO_PROCDEF` (`PROC_DEF_ID_`),
  KEY `ACT_IDX_INFO_PROCDEF` (`PROC_DEF_ID_`),
  KEY `ACT_FK_INFO_JSON_BA` (`INFO_JSON_ID_`),
  CONSTRAINT `ACT_FK_INFO_JSON_BA` FOREIGN KEY (`INFO_JSON_ID_`) REFERENCES `act_ge_bytearray` (`ID_`),
  CONSTRAINT `ACT_FK_INFO_PROCDEF` FOREIGN KEY (`PROC_DEF_ID_`) REFERENCES `act_re_procdef` (`ID_`)
) ENGINE=InnoDB DEFAULT CHARSET=utf8 COLLATE=utf8_bin;

-- ----------------------------
-- Records of act_procdef_info
-- ----------------------------

-- ----------------------------
-- Table structure for act_re_deployment
-- ----------------------------
DROP TABLE IF EXISTS `act_re_deployment`;
CREATE TABLE `act_re_deployment` (
  `ID_` varchar(64) COLLATE utf8_bin NOT NULL DEFAULT '',
  `NAME_` varchar(255) COLLATE utf8_bin DEFAULT NULL,
  `CATEGORY_` varchar(255) COLLATE utf8_bin DEFAULT NULL,
  `TENANT_ID_` varchar(255) COLLATE utf8_bin DEFAULT '',
  `DEPLOY_TIME_` timestamp(3) NULL DEFAULT NULL,
  PRIMARY KEY (`ID_`)
) ENGINE=InnoDB DEFAULT CHARSET=utf8 COLLATE=utf8_bin;

-- ----------------------------
-- Records of act_re_deployment
-- ----------------------------
INSERT INTO `act_re_deployment` VALUES ('1', 'LEAVE_ACTIVITI', null, '', '2018-02-28 16:28:41.415');
INSERT INTO `act_re_deployment` VALUES ('12501', 'LEAVE_ACTIVITI', null, '', '2018-03-10 21:05:36.400');

-- ----------------------------
-- Table structure for act_re_model
-- ----------------------------
DROP TABLE IF EXISTS `act_re_model`;
CREATE TABLE `act_re_model` (
  `ID_` varchar(64) COLLATE utf8_bin NOT NULL,
  `REV_` int(11) DEFAULT NULL,
  `NAME_` varchar(255) COLLATE utf8_bin DEFAULT NULL,
  `KEY_` varchar(255) COLLATE utf8_bin DEFAULT NULL,
  `CATEGORY_` varchar(255) COLLATE utf8_bin DEFAULT NULL,
  `CREATE_TIME_` timestamp(3) NULL DEFAULT NULL,
  `LAST_UPDATE_TIME_` timestamp(3) NULL DEFAULT NULL,
  `VERSION_` int(11) DEFAULT NULL,
  `META_INFO_` varchar(4000) COLLATE utf8_bin DEFAULT NULL,
  `DEPLOYMENT_ID_` varchar(64) COLLATE utf8_bin DEFAULT NULL,
  `EDITOR_SOURCE_VALUE_ID_` varchar(64) COLLATE utf8_bin DEFAULT NULL,
  `EDITOR_SOURCE_EXTRA_VALUE_ID_` varchar(64) COLLATE utf8_bin DEFAULT NULL,
  `TENANT_ID_` varchar(255) COLLATE utf8_bin DEFAULT '',
  PRIMARY KEY (`ID_`),
  KEY `ACT_FK_MODEL_SOURCE` (`EDITOR_SOURCE_VALUE_ID_`),
  KEY `ACT_FK_MODEL_SOURCE_EXTRA` (`EDITOR_SOURCE_EXTRA_VALUE_ID_`),
  KEY `ACT_FK_MODEL_DEPLOYMENT` (`DEPLOYMENT_ID_`),
  CONSTRAINT `ACT_FK_MODEL_DEPLOYMENT` FOREIGN KEY (`DEPLOYMENT_ID_`) REFERENCES `act_re_deployment` (`ID_`),
  CONSTRAINT `ACT_FK_MODEL_SOURCE` FOREIGN KEY (`EDITOR_SOURCE_VALUE_ID_`) REFERENCES `act_ge_bytearray` (`ID_`),
  CONSTRAINT `ACT_FK_MODEL_SOURCE_EXTRA` FOREIGN KEY (`EDITOR_SOURCE_EXTRA_VALUE_ID_`) REFERENCES `act_ge_bytearray` (`ID_`)
) ENGINE=InnoDB DEFAULT CHARSET=utf8 COLLATE=utf8_bin;

-- ----------------------------
-- Records of act_re_model
-- ----------------------------

-- ----------------------------
-- Table structure for act_re_procdef
-- ----------------------------
DROP TABLE IF EXISTS `act_re_procdef`;
CREATE TABLE `act_re_procdef` (
  `ID_` varchar(64) COLLATE utf8_bin NOT NULL,
  `REV_` int(11) DEFAULT NULL,
  `CATEGORY_` varchar(255) COLLATE utf8_bin DEFAULT NULL,
  `NAME_` varchar(255) COLLATE utf8_bin DEFAULT NULL,
  `KEY_` varchar(255) COLLATE utf8_bin NOT NULL,
  `VERSION_` int(11) NOT NULL,
  `DEPLOYMENT_ID_` varchar(64) COLLATE utf8_bin DEFAULT NULL,
  `RESOURCE_NAME_` varchar(4000) COLLATE utf8_bin DEFAULT NULL,
  `DGRM_RESOURCE_NAME_` varchar(4000) COLLATE utf8_bin DEFAULT NULL,
  `DESCRIPTION_` varchar(4000) COLLATE utf8_bin DEFAULT NULL,
  `HAS_START_FORM_KEY_` tinyint(4) DEFAULT NULL,
  `HAS_GRAPHICAL_NOTATION_` tinyint(4) DEFAULT NULL,
  `SUSPENSION_STATE_` int(11) DEFAULT NULL,
  `TENANT_ID_` varchar(255) COLLATE utf8_bin DEFAULT '',
  PRIMARY KEY (`ID_`),
  UNIQUE KEY `ACT_UNIQ_PROCDEF` (`KEY_`,`VERSION_`,`TENANT_ID_`)
) ENGINE=InnoDB DEFAULT CHARSET=utf8 COLLATE=utf8_bin;

-- ----------------------------
-- Records of act_re_procdef
-- ----------------------------
INSERT INTO `act_re_procdef` VALUES ('LEAVE_ACTIVITI:1:4', '1', 'http://www.activiti.org/testm1519441451697', '', 'LEAVE_ACTIVITI', '1', '1', 'leaveActiviti.bpmn', 'leaveActiviti.LEAVE_ACTIVITI.png', null, '0', '1', '1', '');
INSERT INTO `act_re_procdef` VALUES ('LEAVE_ACTIVITI:2:12504', '1', 'http://www.activiti.org/testm1519441451697', '', 'LEAVE_ACTIVITI', '2', '12501', 'leaveActiviti.bpmn', 'leaveActiviti.LEAVE_ACTIVITI.png', null, '0', '1', '1', '');

-- ----------------------------
-- Table structure for act_ru_event_subscr
-- ----------------------------
DROP TABLE IF EXISTS `act_ru_event_subscr`;
CREATE TABLE `act_ru_event_subscr` (
  `ID_` varchar(64) COLLATE utf8_bin NOT NULL,
  `REV_` int(11) DEFAULT NULL,
  `EVENT_TYPE_` varchar(255) COLLATE utf8_bin NOT NULL,
  `EVENT_NAME_` varchar(255) COLLATE utf8_bin DEFAULT NULL,
  `EXECUTION_ID_` varchar(64) COLLATE utf8_bin DEFAULT NULL,
  `PROC_INST_ID_` varchar(64) COLLATE utf8_bin DEFAULT NULL,
  `ACTIVITY_ID_` varchar(64) COLLATE utf8_bin DEFAULT NULL,
  `CONFIGURATION_` varchar(255) COLLATE utf8_bin DEFAULT NULL,
  `CREATED_` timestamp(3) NOT NULL DEFAULT CURRENT_TIMESTAMP(3),
  `PROC_DEF_ID_` varchar(64) COLLATE utf8_bin DEFAULT NULL,
  `TENANT_ID_` varchar(255) COLLATE utf8_bin DEFAULT '',
  PRIMARY KEY (`ID_`),
  KEY `ACT_IDX_EVENT_SUBSCR_CONFIG_` (`CONFIGURATION_`),
  KEY `ACT_FK_EVENT_EXEC` (`EXECUTION_ID_`),
  CONSTRAINT `ACT_FK_EVENT_EXEC` FOREIGN KEY (`EXECUTION_ID_`) REFERENCES `act_ru_execution` (`ID_`)
) ENGINE=InnoDB DEFAULT CHARSET=utf8 COLLATE=utf8_bin;

-- ----------------------------
-- Records of act_ru_event_subscr
-- ----------------------------

-- ----------------------------
-- Table structure for act_ru_execution
-- ----------------------------
DROP TABLE IF EXISTS `act_ru_execution`;
CREATE TABLE `act_ru_execution` (
  `ID_` varchar(64) COLLATE utf8_bin NOT NULL DEFAULT '',
  `REV_` int(11) DEFAULT NULL,
  `PROC_INST_ID_` varchar(64) COLLATE utf8_bin DEFAULT NULL,
  `BUSINESS_KEY_` varchar(255) COLLATE utf8_bin DEFAULT NULL,
  `PARENT_ID_` varchar(64) COLLATE utf8_bin DEFAULT NULL,
  `PROC_DEF_ID_` varchar(64) COLLATE utf8_bin DEFAULT NULL,
  `SUPER_EXEC_` varchar(64) COLLATE utf8_bin DEFAULT NULL,
  `ACT_ID_` varchar(255) COLLATE utf8_bin DEFAULT NULL,
  `IS_ACTIVE_` tinyint(4) DEFAULT NULL,
  `IS_CONCURRENT_` tinyint(4) DEFAULT NULL,
  `IS_SCOPE_` tinyint(4) DEFAULT NULL,
  `IS_EVENT_SCOPE_` tinyint(4) DEFAULT NULL,
  `SUSPENSION_STATE_` int(11) DEFAULT NULL,
  `CACHED_ENT_STATE_` int(11) DEFAULT NULL,
  `TENANT_ID_` varchar(255) COLLATE utf8_bin DEFAULT '',
  `NAME_` varchar(255) COLLATE utf8_bin DEFAULT NULL,
  `LOCK_TIME_` timestamp(3) NULL DEFAULT NULL,
  PRIMARY KEY (`ID_`),
  KEY `ACT_IDX_EXEC_BUSKEY` (`BUSINESS_KEY_`),
  KEY `ACT_FK_EXE_PROCINST` (`PROC_INST_ID_`),
  KEY `ACT_FK_EXE_PARENT` (`PARENT_ID_`),
  KEY `ACT_FK_EXE_SUPER` (`SUPER_EXEC_`),
  KEY `ACT_FK_EXE_PROCDEF` (`PROC_DEF_ID_`),
  CONSTRAINT `ACT_FK_EXE_PARENT` FOREIGN KEY (`PARENT_ID_`) REFERENCES `act_ru_execution` (`ID_`),
  CONSTRAINT `ACT_FK_EXE_PROCDEF` FOREIGN KEY (`PROC_DEF_ID_`) REFERENCES `act_re_procdef` (`ID_`),
  CONSTRAINT `ACT_FK_EXE_PROCINST` FOREIGN KEY (`PROC_INST_ID_`) REFERENCES `act_ru_execution` (`ID_`) ON DELETE CASCADE ON UPDATE CASCADE,
  CONSTRAINT `ACT_FK_EXE_SUPER` FOREIGN KEY (`SUPER_EXEC_`) REFERENCES `act_ru_execution` (`ID_`)
) ENGINE=InnoDB DEFAULT CHARSET=utf8 COLLATE=utf8_bin;

-- ----------------------------
-- Records of act_ru_execution
-- ----------------------------
INSERT INTO `act_ru_execution` VALUES ('10001', '2', '10001', null, null, 'LEAVE_ACTIVITI:1:4', null, 'adminAuditing', '1', '0', '1', '0', '1', '2', '', null, null);
INSERT INTO `act_ru_execution` VALUES ('5001', '3', '5001', null, null, 'LEAVE_ACTIVITI:1:4', null, 'superadminAuditing', '1', '0', '1', '0', '1', '2', '', null, null);

-- ----------------------------
-- Table structure for act_ru_identitylink
-- ----------------------------
DROP TABLE IF EXISTS `act_ru_identitylink`;
CREATE TABLE `act_ru_identitylink` (
  `ID_` varchar(64) COLLATE utf8_bin NOT NULL DEFAULT '',
  `REV_` int(11) DEFAULT NULL,
  `GROUP_ID_` varchar(255) COLLATE utf8_bin DEFAULT NULL,
  `TYPE_` varchar(255) COLLATE utf8_bin DEFAULT NULL,
  `USER_ID_` varchar(255) COLLATE utf8_bin DEFAULT NULL,
  `TASK_ID_` varchar(64) COLLATE utf8_bin DEFAULT NULL,
  `PROC_INST_ID_` varchar(64) COLLATE utf8_bin DEFAULT NULL,
  `PROC_DEF_ID_` varchar(64) COLLATE utf8_bin DEFAULT NULL,
  PRIMARY KEY (`ID_`),
  KEY `ACT_IDX_IDENT_LNK_USER` (`USER_ID_`),
  KEY `ACT_IDX_IDENT_LNK_GROUP` (`GROUP_ID_`),
  KEY `ACT_IDX_ATHRZ_PROCEDEF` (`PROC_DEF_ID_`),
  KEY `ACT_FK_TSKASS_TASK` (`TASK_ID_`),
  KEY `ACT_FK_IDL_PROCINST` (`PROC_INST_ID_`),
  CONSTRAINT `ACT_FK_ATHRZ_PROCEDEF` FOREIGN KEY (`PROC_DEF_ID_`) REFERENCES `act_re_procdef` (`ID_`),
  CONSTRAINT `ACT_FK_IDL_PROCINST` FOREIGN KEY (`PROC_INST_ID_`) REFERENCES `act_ru_execution` (`ID_`),
  CONSTRAINT `ACT_FK_TSKASS_TASK` FOREIGN KEY (`TASK_ID_`) REFERENCES `act_ru_task` (`ID_`)
) ENGINE=InnoDB DEFAULT CHARSET=utf8 COLLATE=utf8_bin;

-- ----------------------------
-- Records of act_ru_identitylink
-- ----------------------------
INSERT INTO `act_ru_identitylink` VALUES ('10008', '1', null, 'participant', 'admin', null, '10001', null);
INSERT INTO `act_ru_identitylink` VALUES ('5008', '1', null, 'participant', 'admin', null, '5001', null);
INSERT INTO `act_ru_identitylink` VALUES ('5014', '1', null, 'participant', 'admin[]', null, '5001', null);
INSERT INTO `act_ru_identitylink` VALUES ('5018', '1', null, 'participant', 'superadmin', null, '5001', null);

-- ----------------------------
-- Table structure for act_ru_job
-- ----------------------------
DROP TABLE IF EXISTS `act_ru_job`;
CREATE TABLE `act_ru_job` (
  `ID_` varchar(64) COLLATE utf8_bin NOT NULL,
  `REV_` int(11) DEFAULT NULL,
  `TYPE_` varchar(255) COLLATE utf8_bin NOT NULL,
  `LOCK_EXP_TIME_` timestamp(3) NULL DEFAULT NULL,
  `LOCK_OWNER_` varchar(255) COLLATE utf8_bin DEFAULT NULL,
  `EXCLUSIVE_` tinyint(1) DEFAULT NULL,
  `EXECUTION_ID_` varchar(64) COLLATE utf8_bin DEFAULT NULL,
  `PROCESS_INSTANCE_ID_` varchar(64) COLLATE utf8_bin DEFAULT NULL,
  `PROC_DEF_ID_` varchar(64) COLLATE utf8_bin DEFAULT NULL,
  `RETRIES_` int(11) DEFAULT NULL,
  `EXCEPTION_STACK_ID_` varchar(64) COLLATE utf8_bin DEFAULT NULL,
  `EXCEPTION_MSG_` varchar(4000) COLLATE utf8_bin DEFAULT NULL,
  `DUEDATE_` timestamp(3) NULL DEFAULT NULL,
  `REPEAT_` varchar(255) COLLATE utf8_bin DEFAULT NULL,
  `HANDLER_TYPE_` varchar(255) COLLATE utf8_bin DEFAULT NULL,
  `HANDLER_CFG_` varchar(4000) COLLATE utf8_bin DEFAULT NULL,
  `TENANT_ID_` varchar(255) COLLATE utf8_bin DEFAULT '',
  PRIMARY KEY (`ID_`),
  KEY `ACT_FK_JOB_EXCEPTION` (`EXCEPTION_STACK_ID_`),
  CONSTRAINT `ACT_FK_JOB_EXCEPTION` FOREIGN KEY (`EXCEPTION_STACK_ID_`) REFERENCES `act_ge_bytearray` (`ID_`)
) ENGINE=InnoDB DEFAULT CHARSET=utf8 COLLATE=utf8_bin;

-- ----------------------------
-- Records of act_ru_job
-- ----------------------------

-- ----------------------------
-- Table structure for act_ru_task
-- ----------------------------
DROP TABLE IF EXISTS `act_ru_task`;
CREATE TABLE `act_ru_task` (
  `ID_` varchar(64) COLLATE utf8_bin NOT NULL DEFAULT '',
  `REV_` int(11) DEFAULT NULL,
  `EXECUTION_ID_` varchar(64) COLLATE utf8_bin DEFAULT NULL,
  `PROC_INST_ID_` varchar(64) COLLATE utf8_bin DEFAULT NULL,
  `PROC_DEF_ID_` varchar(64) COLLATE utf8_bin DEFAULT NULL,
  `NAME_` varchar(255) COLLATE utf8_bin DEFAULT NULL,
  `PARENT_TASK_ID_` varchar(64) COLLATE utf8_bin DEFAULT NULL,
  `DESCRIPTION_` varchar(4000) COLLATE utf8_bin DEFAULT NULL,
  `TASK_DEF_KEY_` varchar(255) COLLATE utf8_bin DEFAULT NULL,
  `OWNER_` varchar(255) COLLATE utf8_bin DEFAULT NULL,
  `ASSIGNEE_` varchar(255) COLLATE utf8_bin DEFAULT NULL,
  `DELEGATION_` varchar(64) COLLATE utf8_bin DEFAULT NULL,
  `PRIORITY_` int(11) DEFAULT NULL,
  `CREATE_TIME_` timestamp(3) NULL DEFAULT NULL,
  `DUE_DATE_` datetime(3) DEFAULT NULL,
  `CATEGORY_` varchar(255) COLLATE utf8_bin DEFAULT NULL,
  `SUSPENSION_STATE_` int(11) DEFAULT NULL,
  `TENANT_ID_` varchar(255) COLLATE utf8_bin DEFAULT '',
  `FORM_KEY_` varchar(255) COLLATE utf8_bin DEFAULT NULL,
  PRIMARY KEY (`ID_`),
  KEY `ACT_IDX_TASK_CREATE` (`CREATE_TIME_`),
  KEY `ACT_FK_TASK_EXE` (`EXECUTION_ID_`),
  KEY `ACT_FK_TASK_PROCINST` (`PROC_INST_ID_`),
  KEY `ACT_FK_TASK_PROCDEF` (`PROC_DEF_ID_`),
  CONSTRAINT `ACT_FK_TASK_EXE` FOREIGN KEY (`EXECUTION_ID_`) REFERENCES `act_ru_execution` (`ID_`),
  CONSTRAINT `ACT_FK_TASK_PROCDEF` FOREIGN KEY (`PROC_DEF_ID_`) REFERENCES `act_re_procdef` (`ID_`),
  CONSTRAINT `ACT_FK_TASK_PROCINST` FOREIGN KEY (`PROC_INST_ID_`) REFERENCES `act_ru_execution` (`ID_`)
) ENGINE=InnoDB DEFAULT CHARSET=utf8 COLLATE=utf8_bin;

-- ----------------------------
-- Records of act_ru_task
-- ----------------------------
INSERT INTO `act_ru_task` VALUES ('10007', '1', '10001', '10001', 'LEAVE_ACTIVITI:1:4', '', null, null, 'adminAuditing', null, 'admin', null, '50', '2018-03-01 14:33:16.503', null, null, '1', '', null);
INSERT INTO `act_ru_task` VALUES ('5017', '1', '5001', '5001', 'LEAVE_ACTIVITI:1:4', '', null, null, 'superadminAuditing', null, 'superadmin', null, '50', '2018-03-01 09:39:52.528', null, null, '1', '', null);

-- ----------------------------
-- Table structure for act_ru_variable
-- ----------------------------
DROP TABLE IF EXISTS `act_ru_variable`;
CREATE TABLE `act_ru_variable` (
  `ID_` varchar(64) COLLATE utf8_bin NOT NULL,
  `REV_` int(11) DEFAULT NULL,
  `TYPE_` varchar(255) COLLATE utf8_bin NOT NULL,
  `NAME_` varchar(255) COLLATE utf8_bin NOT NULL,
  `EXECUTION_ID_` varchar(64) COLLATE utf8_bin DEFAULT NULL,
  `PROC_INST_ID_` varchar(64) COLLATE utf8_bin DEFAULT NULL,
  `TASK_ID_` varchar(64) COLLATE utf8_bin DEFAULT NULL,
  `BYTEARRAY_ID_` varchar(64) COLLATE utf8_bin DEFAULT NULL,
  `DOUBLE_` double DEFAULT NULL,
  `LONG_` bigint(20) DEFAULT NULL,
  `TEXT_` varchar(4000) COLLATE utf8_bin DEFAULT NULL,
  `TEXT2_` varchar(4000) COLLATE utf8_bin DEFAULT NULL,
  PRIMARY KEY (`ID_`),
  KEY `ACT_IDX_VARIABLE_TASK_ID` (`TASK_ID_`),
  KEY `ACT_FK_VAR_EXE` (`EXECUTION_ID_`),
  KEY `ACT_FK_VAR_PROCINST` (`PROC_INST_ID_`),
  KEY `ACT_FK_VAR_BYTEARRAY` (`BYTEARRAY_ID_`),
  CONSTRAINT `ACT_FK_VAR_BYTEARRAY` FOREIGN KEY (`BYTEARRAY_ID_`) REFERENCES `act_ge_bytearray` (`ID_`),
  CONSTRAINT `ACT_FK_VAR_EXE` FOREIGN KEY (`EXECUTION_ID_`) REFERENCES `act_ru_execution` (`ID_`),
  CONSTRAINT `ACT_FK_VAR_PROCINST` FOREIGN KEY (`PROC_INST_ID_`) REFERENCES `act_ru_execution` (`ID_`)
) ENGINE=InnoDB DEFAULT CHARSET=utf8 COLLATE=utf8_bin;

-- ----------------------------
-- Records of act_ru_variable
-- ----------------------------
INSERT INTO `act_ru_variable` VALUES ('10003', '1', 'string', 'leaveId', '10001', '10001', null, null, null, null, '7a4043897cd34d2b80f1a4b24c105a02', null);
INSERT INTO `act_ru_variable` VALUES ('5003', '1', 'string', 'leaveId', '5001', '5001', null, null, null, null, 'ba19e80a06c9497682abb5abac9ff07f', null);
INSERT INTO `act_ru_variable` VALUES ('5013', '1', 'string', 'flag', '5001', '5001', null, null, null, null, 'yes', null);

-- ----------------------------
-- Table structure for t_article
-- ----------------------------
DROP TABLE IF EXISTS `t_article`;
CREATE TABLE `t_article` (
  `id` varchar(36) NOT NULL COMMENT 'ID UUID',
  `create_time` datetime DEFAULT NULL COMMENT '',
  `create_user` varchar(36) DEFAULT NULL COMMENT '',
  `title` varchar(36) DEFAULT NULL COMMENT '',
  `category` varchar(36) DEFAULT NULL COMMENT '',
  `content` longtext COMMENT '',
  `keywords` varchar(36) DEFAULT NULL COMMENT '',
  `view` int(11) DEFAULT NULL COMMENT '',
  `text_view` longtext COMMENT '',
  PRIMARY KEY (`id`)
) ENGINE=InnoDB DEFAULT CHARSET=utf8 COMMENT='';

-- ----------------------------
-- Records of t_article
-- ----------------------------
INSERT INTO `t_article` VALUES ('1554359f952e406fbed5ae8ee0ad386d', '2018-03-13 09:03:51', 'SUPERADMIN', '', null, '', null, '6', '');
INSERT INTO `t_article` VALUES ('31f321b0f36c4a1195963ff948028932', '2018-02-22 16:40:02', 'SUPERADMIN', '', null, '<p><img src=\"\\userfiles\\201802\\1519288772835.png\" alt=\"\"></p><p>123456</p><p><img src=\"http://localhost:8080/static/res/layui/images/face/13.gif\" alt=\"[]\"><img src=\"http://localhost:8080/static/res/layui/images/face/14.gif\" alt=\"[]\"><br></p>', null, '67', null);
INSERT INTO `t_article` VALUES ('340d31bdb4b04a5ab8baf6dda220a054', '2018-02-23 16:50:46', 'SUPERADMIN', '432432423', null, '43242342', null, '27', null);
INSERT INTO `t_article` VALUES ('43a35c80f538423a9e9741c10d9bd0e6', '2018-03-13 09:06:16', 'SUPERADMIN', 'ffffffff', null, 'fffffff', null, '1', 'fffffff');
INSERT INTO `t_article` VALUES ('51c3dcc14cc145a6a17f7045f83dbf0c', '2018-03-21 14:59:46', 'admin', '', null, '<p> </p><p></p><p><img src=\"\\userfiles\\201803\\1521615473953.jpg\" alt=\"\"><br></p><p><b></b></p><p><b></b></p><p></p><p><pre class=layui-code lay-lang=\"Java\">//\n    @RequestMapping(value = \"deploy\")\n    public String deployList(HttpServletRequest request, HttpServletResponse response) throws Exception{\n        if(isAjaxRequest.isAjaxRequest(request)){\n            ResponseUtil.write(response, \"\");\n        }\n        return \"modules/act/deployList\";\n    }\n\n\n    //\n    @RequestMapping(value = \"deployList\")\n    @ResponseBody\n    public String listPage(@RequestParam(value = \"query\", required=false, defaultValue = \"\") String query,\n                       @RequestParam(value = \"page\", required=false, defaultValue = \"1\") Integer page,  //\n                       @RequestParam(value = \"limit\", required=false, defaultValue = \"20\") Integer limit,  //.\n                       HttpServletRequest request, HttpServletResponse response) throws Exception{\n        //\n        long count=repositoryService.createDeploymentQuery().deploymentNameLike(\"%\"+query+\"%\").count();\n        //list\n        List<deployment> listPage = repositoryService.createDeploymentQuery()\n                .orderByDeploymenTime().asc()\n                .deploymentNameLike(\"%\" + query + \"%\")\n                .listPage((page-1)*limit, limit);\n        JsonConfig jsonConfig = new JsonConfig();\n        jsonConfig.setExcludes(new String[]{\"resources\"});\n        jsonConfig.registerJsonValueProcessor(java.util.Date.class, new DateJsonValueProcessor(\"yyyy-MM-dd hh:mm:ss\"));\n        JSONObject result=new JSONObject();\n        JSONArray jsonArray=JSONArray.fromObject(listPage, jsonConfig);\n        result.put(\"code\", 0);\n        result.put(\"data\", jsonArray);\n        result.put(\"count\", count);\n        ResponseUtil.write(response, result);\n        return null;\n    }</deployment></pre><p></p><p><br></p><p><img src=\"http://192.168.1.113:8080/static/res/layui/images/face/5.gif\" alt=\"[]\"><img src=\"http://192.168.1.113:8080/static/res/layui/images/face/43.gif\" alt=\"[]\"><br></p><p><a target=\"_blank\" href=\"https://www.baidu.com/\">https://www.baidu.com/</a>&nbsp;</p><p><br></p><p><br></p></p>', null, '4', ' //\n    @RequestMapping(value = \"deploy\")\n    public String deployList(HttpServletRequest request, HttpServletResponse response) throws Exception{\n        if(isAjaxRequest.isAja');
INSERT INTO `t_article` VALUES ('60a4cb842e1f412ea3e4fe888b5125ad', '2018-02-23 10:05:39', 'SUPERADMIN', '', null, '<p><img src=\"\\userfiles\\201802\\1519351489055.jpg\" alt=\"\"></p><p>===============</p><p><img src=\"\\userfiles\\201802\\1519351497113.png\" alt=\"undefined\"><br></p><p>=======================</p><p><br></p><p><img src=\"\\userfiles\\201802\\1519351514244.png\" alt=\"undefined\"><br></p><p><br></p><p><br></p><p><br></p><p>666666666666</p>', null, '30', null);
INSERT INTO `t_article` VALUES ('61ad719f186344bdbf8fbd2991db2ca8', '2018-03-09 19:10:42', 'SUPERADMIN', '', null, '<p><br></p><p><b>11</b></p><p>22</p><p>33</p>', null, '10', null);
INSERT INTO `t_article` VALUES ('71c93d5f796b480fa585ef3d1a2745de', '2018-03-13 09:03:08', 'SUPERADMIN', '11111111', null, '1111', null, '0', '1111');
INSERT INTO `t_article` VALUES ('781a196a5f5145d6a1848e055bfe30b8', '2018-03-10 00:10:00', 'jyc', '', null, '<img src=\"http://192.168.1.113:8080/static/res/layui/images/face/4.gif\" alt=\"[]\">', null, '5', null);
INSERT INTO `t_article` VALUES ('783ce9e8808f4c17a8f13d2c0c9a8103', '2018-03-12 17:33:26', 'SUPERADMIN', '2222222', null, '22222222222', null, '0', '22222222222');
INSERT INTO `t_article` VALUES ('887dc6a235684aaba36597ecbbf49987', '2018-03-13 09:07:16', 'SUPERADMIN', '333333', null, '3333333', null, '2', '3333333');
INSERT INTO `t_article` VALUES ('9236873f89d24bbbad08a7d243c56485', '2018-03-13 09:00:47', 'SUPERADMIN', '22222222', null, '22222222', null, '2', '22222222');
INSERT INTO `t_article` VALUES ('9a40185de1de4faf8a34b4a69e978264', '2018-02-23 16:59:41', 'SUPERADMIN', '', null, '<p></p><p><br></p><p><img src=\"\\userfiles\\201802\\1519376368862.png\" alt=\"\"><br></p><p></p>', null, '37', null);
INSERT INTO `t_article` VALUES ('ec99d637ffb0468f9e13a68fd9332d21', '2018-03-13 08:58:22', 'SUPERADMIN', '201803131111', null, '<p style=\"text-align: justify;\"><b>.......</b></p><p style=\"text-align: justify;\"><b>100+MP4console</b></p><p style=\"text-align: justify;\"><span>org.apache.catalina.webresources.Cache.getResource</span><span>&nbsp;Unable to add the resource at [/base/1325/WA6144-150x112.jpg] to the cache because there was insufficient free space available after evicting expired cache entries - consider increasing the maximum size of the cache</span><br></p><p style=\"text-align: justify;\">The<b> background cache eviction process was unable to free [10] percent of the cache for Context [/liuda] - consider increasing the maximum size of the cache. After eviction approximately [11,145] KB of data remained in the cache<br></b></p><p style=\"text-align: justify;\"><b></b></p><p style=\"text-align: justify;\">http://stackoverflow.com/questions/26893297/tomcat-8-throwing-org-apache-catalina-webresources-cache-getresource-unable-to<br></p><p style=\"text-align: justify;\">stackoverflowserver.xml<span>context.xml</span></p>', null, '2', '.......100+MP4consoleorg.apache.catalina.webresources.Cache.getResourceUnable to add the resource at [/base/1325/WA6144-150x112.jpg] to the cache because there was in');

-- ----------------------------
-- Table structure for t_comment
-- ----------------------------
DROP TABLE IF EXISTS `t_comment`;
CREATE TABLE `t_comment` (
  `id` varchar(50) NOT NULL,
  `issue_id` varchar(50) NOT NULL COMMENT 'Id',
  `user_id` varchar(50) NOT NULL COMMENT '',
  `reply_msg` varchar(500) DEFAULT NULL COMMENT '',
  `create_date` datetime NOT NULL COMMENT '',
  `zan_count` int(11) DEFAULT NULL COMMENT '',
  PRIMARY KEY (`id`)
) ENGINE=InnoDB DEFAULT CHARSET=utf8 ROW_FORMAT=DYNAMIC COMMENT='';

-- ----------------------------
-- Records of t_comment
-- ----------------------------
INSERT INTO `t_comment` VALUES ('1', 'p1', 'superadmin', '', '2018-03-23 14:30:50', '1');

-- ----------------------------
-- Table structure for t_leave
-- ----------------------------
DROP TABLE IF EXISTS `t_leave`;
CREATE TABLE `t_leave` (
  `id` varchar(36) NOT NULL COMMENT 'ID UUID',
  `create_time` datetime DEFAULT NULL COMMENT '',
  `create_user` varchar(36) DEFAULT NULL COMMENT '',
  `leaveDate` datetime DEFAULT NULL COMMENT '',
  `leaveDays` int(11) DEFAULT NULL COMMENT '',
  `leaveReason` varchar(255) DEFAULT NULL COMMENT '',
  `state` varchar(20) DEFAULT NULL COMMENT '',
  `processInstanceId` varchar(50) DEFAULT NULL COMMENT '',
  PRIMARY KEY (`id`)
) ENGINE=InnoDB DEFAULT CHARSET=utf8 COMMENT='';

-- ----------------------------
-- Records of t_leave
-- ----------------------------
INSERT INTO `t_leave` VALUES ('1', '2018-02-26 15:44:46', 'd055c3e421fab4006878954f023a49ca99', '2018-02-26 15:19:41', '222', '', '', '5');
INSERT INTO `t_leave` VALUES ('1de8184d329944efa0c7d876a278ae7e', '2018-02-27 10:31:29', 'SUPERADMIN', '2018-02-27 10:30:04', '5', '', '', '17');
INSERT INTO `t_leave` VALUES ('2086f1ffe5b441a8856a771a6dcca0b9', '2018-02-27 10:43:15', 'SUPERADMIN', '2018-02-27 00:00:00', '6', '', '', '33');
INSERT INTO `t_leave` VALUES ('6f6d2a91532d48d2b22a06fbba85672f', '2018-02-27 10:43:43', 'SUPERADMIN', '2018-02-27 00:00:00', '3', '3', '', '2504');
INSERT INTO `t_leave` VALUES ('7a4043897cd34d2b80f1a4b24c105a02', '2018-03-01 14:30:51', 'SUPERADMIN', '2018-03-01 14:30:36', '3', '', '', '10001');
INSERT INTO `t_leave` VALUES ('ba19e80a06c9497682abb5abac9ff07f', '2018-02-27 10:42:26', 'SUPERADMIN', '2018-02-27 10:30:04', '4', '34343', '', '5001');
INSERT INTO `t_leave` VALUES ('c96540263866484da7a30e2cb28f9861', '2018-03-01 14:32:51', 'SUPERADMIN', '2018-03-01 14:32:46', '99', '', '', null);
INSERT INTO `t_leave` VALUES ('f66df0a7fa2f4f9cb423a9c94802f0c3', '2018-02-27 10:35:29', 'SUPERADMIN', '2018-02-28 03:03:03', '6', '666666', '', '7501');

-- ----------------------------
-- Table structure for t_login_log
-- ----------------------------
DROP TABLE IF EXISTS `t_login_log`;
CREATE TABLE `t_login_log` (
  `id` varchar(36) NOT NULL COMMENT 'ID UUID',
  `create_time` datetime DEFAULT NULL COMMENT '',
  `create_user` varchar(36) DEFAULT NULL COMMENT '',
  `userName` varchar(36) DEFAULT NULL COMMENT '',
  `ip` varchar(36) DEFAULT NULL COMMENT 'ip',
  `login_time` datetime DEFAULT NULL COMMENT '',
  `browser_info` varchar(255) DEFAULT NULL COMMENT '',
  PRIMARY KEY (`id`)
) ENGINE=InnoDB DEFAULT CHARSET=utf8 COMMENT='';

-- ----------------------------
-- Records of t_login_log
-- ----------------------------
INSERT INTO `t_login_log` VALUES ('089edc2fcd0f41daa3ce50891ab566bd', '2018-03-10 00:03:48', 'admin', 'admin', '0:0:0:0:0:0:0:1', '2018-03-10 00:03:48', null);
INSERT INTO `t_login_log` VALUES ('08ccddea63404cc3a2fc4ec6cb125988', '2018-03-10 00:14:22', 'superadmin', 'superadmin', '192.168.1.105', '2018-03-10 00:14:22', null);
INSERT INTO `t_login_log` VALUES ('0ceba560695246f0b5ce78e88c51d8a1', '2018-03-11 12:32:15', 'admin', 'admin', '192.168.1.106', '2018-03-11 12:32:15', null);
INSERT INTO `t_login_log` VALUES ('0f9e0ac1cc6a42519c8f97085a908615', '2018-03-10 22:41:04', 'superadmin', 'superadmin', '192.168.1.106', '2018-03-10 22:41:04', null);
INSERT INTO `t_login_log` VALUES ('13803c3dc8c24bb799164d3bb901db4c', '2018-03-11 12:27:35', 'superadmin', 'superadmin', '192.168.1.106', '2018-03-11 12:27:35', null);
INSERT INTO `t_login_log` VALUES ('17c068abf1aa4beca3b559dd925336f2', '2018-03-10 12:55:53', 'superadmin', 'superadmin', '192.168.1.106', '2018-03-10 12:55:53', null);
INSERT INTO `t_login_log` VALUES ('1963663be06a4a099e0c5ec29a689400', '2018-03-10 20:52:14', 'superadmin', 'superadmin', '192.168.1.106', '2018-03-10 20:52:14', null);
INSERT INTO `t_login_log` VALUES ('1d8fe0cf8223449d9406cd43795aeb6e', '2018-03-21 12:50:26', 'SUPERADMIN', 'SUPERADMIN', '0:0:0:0:0:0:0:1', '2018-03-21 12:50:25', 'Mozilla/5.0 (Windows NT 6.1; WOW64) AppleWebKit/537.36 (KHTML, like Gecko) Chrome/63.0.3239.132 Safari/537.36');
INSERT INTO `t_login_log` VALUES ('1dfb42913c394c3bb59a9425e705e641', '2018-03-22 12:28:05', 'SUPERADMIN', 'SUPERADMIN', '0:0:0:0:0:0:0:1', '2018-03-22 12:28:05', 'Mozilla/5.0 (Windows NT 6.1; WOW64) AppleWebKit/537.36 (KHTML, like Gecko) Chrome/63.0.3239.132 Safari/537.36');
INSERT INTO `t_login_log` VALUES ('22c302cc46094438b7cb3db735661b34', '2018-03-16 14:34:08', 'SUPERADMIN', 'SUPERADMIN', '0:0:0:0:0:0:0:1', '2018-03-16 14:34:08', 'Mozilla/5.0 (Windows NT 6.1; WOW64) AppleWebKit/537.36 (KHTML, like Gecko) Chrome/63.0.3239.132 Safari/537.36');
INSERT INTO `t_login_log` VALUES ('2a779802907e4dfb8764c66af9d50eb3', '2018-03-10 00:02:49', 'SUPERADMIN', 'SUPERADMIN', '0:0:0:0:0:0:0:1', '2018-03-10 00:02:49', null);
INSERT INTO `t_login_log` VALUES ('32bf6214b5df4e8a801ff70635518c4f', '2018-03-10 13:37:24', 'superadmin', 'superadmin', '192.168.1.106', '2018-03-10 13:37:24', null);
INSERT INTO `t_login_log` VALUES ('34a6a301d8d54ba5ab9ad99925f1bcd9', '2018-03-10 00:34:51', 'admin', 'admin', '192.168.1.105', '2018-03-10 00:34:51', null);
INSERT INTO `t_login_log` VALUES ('377c1484fc1047ad86ef96167039b8d1', '2018-03-11 22:43:53', 'superadmin', 'superadmin', '192.168.1.106', '2018-03-11 22:43:52', 'Mozilla/5.0 (Windows NT 6.1; WOW64) AppleWebKit/537.36 (KHTML, like Gecko) Chrome/63.0.3239.132 Safari/537.36');
INSERT INTO `t_login_log` VALUES ('3797dc553d524d6caed5d358951397b1', '2018-03-10 21:59:59', 'superadmin', 'superadmin', '192.168.1.106', '2018-03-10 21:59:59', null);
INSERT INTO `t_login_log` VALUES ('3b880afd6bf84e7e9b261e3b65d439fc', '2018-03-11 12:17:11', 'superadmin', 'superadmin', '192.168.1.106', '2018-03-11 12:17:11', null);
INSERT INTO `t_login_log` VALUES ('3c9dc0b3cfdd49e4a3be8860bdf54a4c', '2018-03-11 22:19:06', 'superadmin', 'superadmin', '192.168.1.106', '2018-03-11 22:19:06', 'Mozilla/5.0 (Windows NT 6.1; WOW64) AppleWebKit/537.36 (KHTML, like Gecko) Chrome/63.0.3239.132 Safari/537.36');
INSERT INTO `t_login_log` VALUES ('3ea20be69f414e25898940f4c0c89de1', '2018-03-10 11:08:06', 'superadmin', 'superadmin', '192.168.1.106', '2018-03-10 11:08:06', null);
INSERT INTO `t_login_log` VALUES ('42e79faffe3649f4b070f842b104343d', '2018-03-10 15:51:52', 'superadmin', 'superadmin', '192.168.1.106', '2018-03-10 15:51:52', null);
INSERT INTO `t_login_log` VALUES ('432d607168f343f9aaa6696fa0b44a07', '2018-03-10 21:58:39', 'superadmin', 'superadmin', '192.168.1.106', '2018-03-10 21:58:39', null);
INSERT INTO `t_login_log` VALUES ('433f33d197d740f880c6ae6a07809dba', '2018-03-11 14:10:09', 'superadmin', 'superadmin', '192.168.1.106', '2018-03-11 14:10:09', null);
INSERT INTO `t_login_log` VALUES ('46e428886eae42c180947643df69d230', '2018-03-10 13:37:15', 'admin', 'admin', '192.168.1.106', '2018-03-10 13:37:15', null);
INSERT INTO `t_login_log` VALUES ('4d71d468dd2f40b1882d7a7ada458297', '2018-03-11 12:01:12', 'superadmin', 'superadmin', '192.168.1.106', '2018-03-11 12:01:12', null);
INSERT INTO `t_login_log` VALUES ('503816fb2441480695ca86e277ae085f', '2018-03-10 13:47:27', 'admin', 'admin', '192.168.1.105', '2018-03-10 13:47:27', null);
INSERT INTO `t_login_log` VALUES ('54fc2adfeca04abaa62c68139d845822', '2018-03-11 21:39:44', 'superadmin', 'superadmin', '192.168.1.106', '2018-03-11 21:39:44', 'Mozilla/5.0 (Windows NT 6.1; WOW64) AppleWebKit/537.36 (KHTML, like Gecko) Chrome/63.0.3239.132 Safari/537.36');
INSERT INTO `t_login_log` VALUES ('62a0e34851c246fe9738f043da897c87', '2018-03-10 00:00:00', 'SUPERADMIN', 'SUPERADMIN', '0:0:0:0:0:0:0:1', '2018-03-09 23:59:56', null);
INSERT INTO `t_login_log` VALUES ('62ebd8ad640745c189d7b03afe54b30b', '2018-03-10 13:44:25', 'admin', 'admin', '192.168.1.106', '2018-03-10 13:44:25', null);
INSERT INTO `t_login_log` VALUES ('65c14b2073b3404fb98fcbdd68a527d8', '2018-03-10 20:50:15', 'admin', 'admin', '192.168.1.106', '2018-03-10 20:50:15', null);
INSERT INTO `t_login_log` VALUES ('6ef3b56d9e8d48689524309c0496ee5d', '2018-03-11 19:26:24', 'superadmin', 'superadmin', '192.168.1.106', '2018-03-11 19:26:24', 'Mozilla/5.0 (Windows NT 6.1; WOW64) AppleWebKit/537.36 (KHTML, like Gecko) Chrome/63.0.3239.132 Safari/537.36');
INSERT INTO `t_login_log` VALUES ('71d5c92f8438460b93d8e9dc97c41b17', '2018-03-11 14:11:28', 'superadmin', 'superadmin', '192.168.1.106', '2018-03-11 14:11:27', null);
INSERT INTO `t_login_log` VALUES ('73f2d68d0fee4f2dbc36e80a6bf37915', '2018-03-10 13:37:41', 'admin', 'admin', '192.168.1.106', '2018-03-10 13:37:41', null);
INSERT INTO `t_login_log` VALUES ('79cd74a917f3469c81edf1c79f664f60', '2018-03-11 14:12:36', 'superadmin', 'superadmin', '192.168.1.106', '2018-03-11 14:12:36', null);
INSERT INTO `t_login_log` VALUES ('7d8252e4a39f49f6add8f6a5facb2193', '2018-03-11 12:20:55', 'jyc', 'jyc', '192.168.1.106', '2018-03-11 12:20:55', null);
INSERT INTO `t_login_log` VALUES ('7db731b424624eb59d4e695d2b107a5d', '2018-03-11 21:12:47', 'superadmin', 'superadmin', '192.168.1.106', '2018-03-11 21:12:47', 'Mozilla/5.0 (Windows NT 6.1; WOW64) AppleWebKit/537.36 (KHTML, like Gecko) Chrome/63.0.3239.132 Safari/537.36');
INSERT INTO `t_login_log` VALUES ('868ba38af5794629930876a863d1ec22', '2018-03-11 14:07:24', 'superadmin', 'superadmin', '192.168.1.106', '2018-03-11 14:07:24', null);
INSERT INTO `t_login_log` VALUES ('8ae1e7a9d1f148b3a759d8435cc3762b', '2018-03-11 23:34:12', 'superadmin', 'superadmin', '192.168.1.105', '2018-03-11 23:34:12', 'Mozilla/5.0 (Linux; U; Android 7.0; zh-cn; MI 5 Build/NRD90M) AppleWebKit/537.36 (KHTML, like Gecko) Version/4.0 Chrome/61.0.3163.128 Mobile Safari/537.36 XiaoMi/MiuiBrowser/9.5.0');
INSERT INTO `t_login_log` VALUES ('8d6c9fbb74d840f8b708ce87d1bb3763', '2018-03-10 00:54:59', 'SUPERADMIN', 'SUPERADMIN', '0:0:0:0:0:0:0:1', '2018-03-10 00:54:59', null);
INSERT INTO `t_login_log` VALUES ('948721e8b4784afb96e14e7772933d57', '2018-03-11 12:17:01', 'admin', 'admin', '192.168.1.106', '2018-03-11 12:17:01', null);
INSERT INTO `t_login_log` VALUES ('9a3d983733cb4960aa963974fa2add55', '2018-03-12 17:33:17', 'SUPERADMIN', 'SUPERADMIN', '0:0:0:0:0:0:0:1', '2018-03-12 17:33:17', 'Mozilla/5.0 (Windows NT 6.1; WOW64) AppleWebKit/537.36 (KHTML, like Gecko) Chrome/63.0.3239.132 Safari/537.36');
INSERT INTO `t_login_log` VALUES ('9ee4f3c2f5e34a2f8223809ad84f98dc', '2018-03-21 14:55:16', 'admin', 'admin', '192.168.1.113', '2018-03-21 14:55:15', 'Mozilla/5.0 (Windows NT 6.1; WOW64) AppleWebKit/537.36 (KHTML, like Gecko) Chrome/63.0.3239.132 Safari/537.36');
INSERT INTO `t_login_log` VALUES ('a56f5bed8b9346229bc7c9c5af010dcd', '2018-03-10 10:50:15', 'superadmin', 'superadmin', '192.168.1.106', '2018-03-10 10:50:15', null);
INSERT INTO `t_login_log` VALUES ('a8200920575b4404bf4bc845c19b0c49', '2018-03-11 18:33:44', 'superadmin', 'superadmin', '192.168.1.106', '2018-03-11 18:33:44', 'Mozilla/5.0 (Windows NT 6.1; WOW64) AppleWebKit/537.36 (KHTML, like Gecko) Chrome/63.0.3239.132 Safari/537.36');
INSERT INTO `t_login_log` VALUES ('a905526ed02b4afaa3c773208b19f9e9', '2018-03-10 20:51:37', 'superadmin', 'superadmin', '192.168.1.105', '2018-03-10 20:51:37', null);
INSERT INTO `t_login_log` VALUES ('aace1b9820c94599b18e719a4835e58b', '2018-03-11 20:20:02', 'superadmin', 'superadmin', '192.168.1.106', '2018-03-11 20:20:02', 'Mozilla/5.0 (Windows NT 6.1; WOW64) AppleWebKit/537.36 (KHTML, like Gecko) Chrome/63.0.3239.132 Safari/537.36');
INSERT INTO `t_login_log` VALUES ('ac074eb37b3e49778ce4cab80b62de02', '2018-03-11 21:56:48', 'superadmin', 'superadmin', '192.168.1.106', '2018-03-11 21:56:48', 'Mozilla/5.0 (Windows NT 6.1; WOW64) AppleWebKit/537.36 (KHTML, like Gecko) Chrome/63.0.3239.132 Safari/537.36');
INSERT INTO `t_login_log` VALUES ('ae2c98c3575f4e92bc584c249509a8f7', '2018-03-13 08:57:45', 'SUPERADMIN', 'SUPERADMIN', '0:0:0:0:0:0:0:1', '2018-03-13 08:57:45', 'Mozilla/5.0 (Windows NT 6.1; WOW64) AppleWebKit/537.36 (KHTML, like Gecko) Chrome/63.0.3239.132 Safari/537.36');
INSERT INTO `t_login_log` VALUES ('b29ee71c175f46eeb7d91d787236539b', '2018-03-10 22:08:05', 'SUPERADMIN', 'SUPERADMIN', '0:0:0:0:0:0:0:1', '2018-03-10 22:08:05', null);
INSERT INTO `t_login_log` VALUES ('b2dd69735c1745448937ae6e9431b17c', '2018-03-11 19:39:34', 'superadmin', 'superadmin', '192.168.1.106', '2018-03-11 19:39:34', 'Mozilla/5.0 (Windows NT 6.1; WOW64) AppleWebKit/537.36 (KHTML, like Gecko) Chrome/63.0.3239.132 Safari/537.36');
INSERT INTO `t_login_log` VALUES ('b44100513e7544d9ac6709541807a90c', '2018-03-11 20:31:20', 'superadmin', 'superadmin', '192.168.1.106', '2018-03-11 20:31:20', 'Mozilla/5.0 (Windows NT 6.1; WOW64) AppleWebKit/537.36 (KHTML, like Gecko) Chrome/63.0.3239.132 Safari/537.36');
INSERT INTO `t_login_log` VALUES ('b4bfcfce4ce44c1aa6afea8a6c1bfedb', '2018-03-11 12:30:03', 'superadmin', 'superadmin', '192.168.1.106', '2018-03-11 12:30:03', null);
INSERT INTO `t_login_log` VALUES ('b54470421d204b85a76966e00741d42d', '2018-03-10 00:02:18', 'SUPERADMIN', 'SUPERADMIN', '0:0:0:0:0:0:0:1', '2018-03-10 00:02:18', null);
INSERT INTO `t_login_log` VALUES ('b7b6413253c641dfbc594f6d7e90f133', '2018-03-11 22:35:24', 'superadmin', 'superadmin', '192.168.1.106', '2018-03-11 22:35:24', 'Mozilla/5.0 (Windows NT 6.1; WOW64) AppleWebKit/537.36 (KHTML, like Gecko) Chrome/63.0.3239.132 Safari/537.36');
INSERT INTO `t_login_log` VALUES ('ba50c39461904f728afb37e9a241be41', '2018-03-10 16:24:43', 'admin', 'admin', '192.168.1.106', '2018-03-10 16:24:43', null);
INSERT INTO `t_login_log` VALUES ('bc0423625bc5452cb5f984c3afe153b0', '2018-03-11 20:50:39', 'superadmin', 'superadmin', '192.168.1.106', '2018-03-11 20:50:39', 'Mozilla/5.0 (Windows NT 6.1; WOW64) AppleWebKit/537.36 (KHTML, like Gecko) Chrome/63.0.3239.132 Safari/537.36');
INSERT INTO `t_login_log` VALUES ('bd894a5718354dcbabdd3fd881d82426', '2018-03-11 15:46:03', 'superadmin', 'superadmin', '192.168.1.106', '2018-03-11 15:46:03', 'Mozilla/5.0 (Windows NT 6.1; WOW64) AppleWebKit/537.36 (KHTML, like Gecko) Chrome/63.0.3239.132 Safari/537.36');
INSERT INTO `t_login_log` VALUES ('bf3819b6f2284cc89c53af1b788ecaf1', '2018-03-10 10:47:26', 'superadmin', 'superadmin', '192.168.1.106', '2018-03-10 10:47:26', null);
INSERT INTO `t_login_log` VALUES ('c76cad8ec20048839777fdc462dc82fe', '2018-03-11 20:35:20', 'superadmin', 'superadmin', '192.168.1.106', '2018-03-11 20:35:20', 'Mozilla/5.0 (Windows NT 6.1; WOW64) AppleWebKit/537.36 (KHTML, like Gecko) Chrome/63.0.3239.132 Safari/537.36');
INSERT INTO `t_login_log` VALUES ('cb9c200ce1384a61b05b0ffd99419007', '2018-03-11 20:00:09', 'superadmin', 'superadmin', '192.168.1.106', '2018-03-11 20:00:09', 'Mozilla/5.0 (Windows NT 6.1; WOW64) AppleWebKit/537.36 (KHTML, like Gecko) Chrome/63.0.3239.132 Safari/537.36');
INSERT INTO `t_login_log` VALUES ('cd97937166454475875804fea8c50139', '2018-03-10 00:10:58', 'superadmin', 'superadmin', '192.168.1.105', '2018-03-10 00:10:58', null);
INSERT INTO `t_login_log` VALUES ('d212895e050b4053b8e03ac5ead5eaf7', '2018-03-10 15:53:50', 'admin', 'admin', '192.168.1.106', '2018-03-10 15:53:50', null);
INSERT INTO `t_login_log` VALUES ('d31811a7fd7249b98ea504bf55d56f32', '2018-03-10 00:09:03', 'jyc', 'jyc', '192.168.1.105', '2018-03-10 00:09:03', null);
INSERT INTO `t_login_log` VALUES ('d4f008a5cfd947c0b749a94a743d4538', '2018-03-10 00:30:31', 'admin', 'admin', '192.168.1.105', '2018-03-10 00:30:31', null);
INSERT INTO `t_login_log` VALUES ('e0fce7521b294faea5de80958cfc41b8', '2018-03-11 14:28:57', 'superadmin', 'superadmin', '192.168.1.106', '2018-03-11 14:28:57', 'Mozilla/5.0 (Windows NT 6.1; WOW64) AppleWebKit/537.36 (KHTML, like Gecko) Chrome/63.0.3239.132 Safari/537.36');
INSERT INTO `t_login_log` VALUES ('e3a1c1fd72bb4f05b0c5c78d8a151888', '2018-03-10 15:47:59', 'admin', 'admin', '192.168.1.106', '2018-03-10 15:47:59', null);
INSERT INTO `t_login_log` VALUES ('e81ffe17f6ef407099a388712c514125', '2018-03-11 14:08:56', 'superadmin', 'superadmin', '192.168.1.106', '2018-03-11 14:08:56', null);
INSERT INTO `t_login_log` VALUES ('f1a63e15be4f4bacbb7d1b23f72ee51d', '2018-03-10 00:39:48', 'admin', 'admin', '192.168.1.113', '2018-03-10 00:39:48', null);
INSERT INTO `t_login_log` VALUES ('f24234dfb0e04f6d8a92a5e2115be280', '2018-03-10 13:12:12', 'admin', 'admin', '192.168.1.106', '2018-03-10 13:12:12', null);
INSERT INTO `t_login_log` VALUES ('f787480920594879a6794b68b8286208', '2018-03-11 14:10:45', 'superadmin', 'superadmin', '192.168.1.106', '2018-03-11 14:10:45', null);
INSERT INTO `t_login_log` VALUES ('f8aeda1ae29a445c9c227481295de73e', '2018-03-10 00:17:31', 'admin', 'admin', '192.168.1.105', '2018-03-10 00:17:31', null);

-- ----------------------------
-- Table structure for t_permission
-- ----------------------------
DROP TABLE IF EXISTS `t_permission`;
CREATE TABLE `t_permission` (
  `id` varchar(36) NOT NULL COMMENT 'id',
  `permissionName` varchar(36) DEFAULT NULL COMMENT '',
  `roleId` varchar(36) DEFAULT NULL COMMENT 'id',
  PRIMARY KEY (`id`),
  KEY `roleId` (`roleId`)
) ENGINE=InnoDB DEFAULT CHARSET=utf8 COMMENT='';

-- ----------------------------
-- Records of t_permission
-- ----------------------------
INSERT INTO `t_permission` VALUES ('1', 'admin:view', '1');

-- ----------------------------
-- Table structure for t_photos
-- ----------------------------
DROP TABLE IF EXISTS `t_photos`;
CREATE TABLE `t_photos` (
  `id` varchar(36) NOT NULL COMMENT 'ID UUID',
  `create_time` datetime DEFAULT NULL COMMENT '',
  `create_user` varchar(36) DEFAULT NULL COMMENT '',
  `type` varchar(36) DEFAULT NULL COMMENT '',
  `userName` varchar(36) DEFAULT NULL COMMENT '',
  `image_Name` varchar(36) DEFAULT NULL COMMENT '',
  PRIMARY KEY (`id`)
) ENGINE=InnoDB DEFAULT CHARSET=utf8 COMMENT='';

-- ----------------------------
-- Records of t_photos
-- ----------------------------
INSERT INTO `t_photos` VALUES ('00f8d6f00e144733a5ccb23aeed09066', '2018-03-10 11:29:03', 'superadmin', '', 'superadmin', '201803/1520652543491.jpg');
INSERT INTO `t_photos` VALUES ('07a947e6cebe413fb339847cd25b45fd', '2018-03-10 15:52:24', 'superadmin', '', 'superadmin', '201803\\1520668344868.jpg');
INSERT INTO `t_photos` VALUES ('637de732ffbb404c8e169d84227b8383', '2018-03-10 16:25:10', 'admin', '', 'admin', '201803\\1520670310014.jpg');
INSERT INTO `t_photos` VALUES ('77502652d8d547f3bbe8bea0cfc5f64c', '2018-03-10 00:41:13', 'admin', '', 'admin', '201803/1520613673247.jpg');
INSERT INTO `t_photos` VALUES ('9ad75798da454dc8abc1513066e094fc', '2018-03-10 00:40:02', 'admin', '', 'admin', '201803/1520613602260.jpg');
INSERT INTO `t_photos` VALUES ('a4cd4b07ba33456aac2a8ca817209751', '2018-03-10 00:36:00', 'admin', '', 'admin', '201803/1520613360950.jpg');
INSERT INTO `t_photos` VALUES ('a842b61cf59945c59701d6aa536235f9', '2018-03-10 20:52:00', 'superadmin', '', 'superadmin', '201803\\1520686320169.jpg');
INSERT INTO `t_photos` VALUES ('ae5cfb89c1d941829cc65da6c6767bb2', '2018-03-10 00:36:04', 'admin', '', 'admin', '201803/1520613364101.jpg');
INSERT INTO `t_photos` VALUES ('cac886f112744082a6411a0f33658f5b', '2018-03-10 00:35:12', 'admin', '', 'admin', '201803/1520613312540.jpg');
INSERT INTO `t_photos` VALUES ('ce738d9ea9f744079d634c023df9ad59', '2018-03-10 15:51:14', 'admin', '', 'admin', '201803\\1520668274689.jpg');
INSERT INTO `t_photos` VALUES ('d03f435bfbcf407084516a540da1a565', '2018-03-10 20:54:09', 'superadmin', '', 'superadmin', '201803\\1520686449925.jpg');

-- ----------------------------
-- Table structure for t_reply
-- ----------------------------
DROP TABLE IF EXISTS `t_reply`;
CREATE TABLE `t_reply` (
  `id` varchar(50) NOT NULL,
  `comment_id` varchar(50) NOT NULL COMMENT 'Id',
  `from_user_id` varchar(50) NOT NULL COMMENT '',
  `to_user_id` varchar(50) NOT NULL COMMENT '',
  `reply_msg` varchar(500) DEFAULT NULL COMMENT '',
  `create_date` datetime NOT NULL COMMENT '',
  PRIMARY KEY (`id`),
  KEY `reply_fk1` (`comment_id`),
  CONSTRAINT `reply_fk1` FOREIGN KEY (`comment_id`) REFERENCES `t_comment` (`id`) ON DELETE NO ACTION ON UPDATE NO ACTION
) ENGINE=InnoDB DEFAULT CHARSET=utf8 ROW_FORMAT=DYNAMIC COMMENT='';

-- ----------------------------
-- Records of t_reply
-- ----------------------------
INSERT INTO `t_reply` VALUES ('11', '1', 'jiang', 'superadmin', '', '2018-03-23 14:33:48');
INSERT INTO `t_reply` VALUES ('222', '1', 'yin', 'superadmin', '', '2018-03-23 14:34:23');
INSERT INTO `t_reply` VALUES ('3333', '1', 'ChaCha', 'superadmin', '', '2018-03-23 14:34:58');
INSERT INTO `t_reply` VALUES ('55555', '1', 'superadmin', 'ChaCha', '', '2018-03-23 14:36:29');

-- ----------------------------
-- Table structure for t_role
-- ----------------------------
DROP TABLE IF EXISTS `t_role`;
CREATE TABLE `t_role` (
  `id` varchar(36) NOT NULL COMMENT 'ID',
  `type` varchar(36) DEFAULT NULL COMMENT '',
  `roleName` varchar(36) DEFAULT NULL COMMENT '',
  PRIMARY KEY (`id`)
) ENGINE=InnoDB DEFAULT CHARSET=utf8 COMMENT='';

-- ----------------------------
-- Records of t_role
-- ----------------------------
INSERT INTO `t_role` VALUES ('1', 'superadmin', '');
INSERT INTO `t_role` VALUES ('2', 'admin', '');
INSERT INTO `t_role` VALUES ('33', 'normal', '');

-- ----------------------------
-- Table structure for t_timeline
-- ----------------------------
DROP TABLE IF EXISTS `t_timeline`;
CREATE TABLE `t_timeline` (
  `id` varchar(36) NOT NULL COMMENT 'ID UUID',
  `create_time` datetime DEFAULT NULL COMMENT '',
  `create_user` varchar(36) DEFAULT NULL COMMENT '',
  `content` longtext COMMENT '',
  PRIMARY KEY (`id`)
) ENGINE=InnoDB DEFAULT CHARSET=utf8 COMMENT='';

-- ----------------------------
-- Records of t_timeline
-- ----------------------------
INSERT INTO `t_timeline` VALUES ('15c7d90d29a847a3b34ca0d61e4e3846', '2018-02-15 23:19:01', 'superadmin', '<p>2018</p>');
INSERT INTO `t_timeline` VALUES ('1904ec1c8fe64fa4bb3c5f794222c6c9', '2018-02-12 23:18:16', 'superadmin', '<p>1shiro, , </p><p>2, </p>');
INSERT INTO `t_timeline` VALUES ('1a660d15553b49ebb68d3b9eb63c30c9', '2018-03-10 23:21:20', 'superadmin', '<p>1</p><p>2</p><p>3</p><p>4</p>');
INSERT INTO `t_timeline` VALUES ('1db924810d154955bb96b39ba521044a', '2018-03-11 23:25:06', 'superadmin', '<p>1&nbsp; </p><p>2</p>');
INSERT INTO `t_timeline` VALUES ('29f62b84962b41c0ac91ec51d1ba1fca', '2018-02-23 23:19:45', 'superadmin', '<p>1</p><p>2</p><p>3bug</p><p>4</p><p>5</p>');
INSERT INTO `t_timeline` VALUES ('69be266239a94575a483006e98058170', '2018-03-01 23:20:52', 'superadmin', '<p>1</p><p>2</p><p>3</p><p>4</p>');
INSERT INTO `t_timeline` VALUES ('746fa7ada92849df8471c36fb98a851c', '2018-02-24 23:20:25', 'superadmin', '<p>1activiti</p>');
INSERT INTO `t_timeline` VALUES ('7607067679ab4bf290af971dcbd15269', '2018-02-07 23:17:10', 'superadmin', '<p></p>');
INSERT INTO `t_timeline` VALUES ('82358243bb6046bbafea0e5b0cba5d84', '2018-03-11 23:28:44', 'superadmin', '<p>1<span>druid</span></p><p><b></b><span>DruidDruid</span></p>');
INSERT INTO `t_timeline` VALUES ('8c73a6bb0ad04f64b79de4ba7a334b5e', '2018-03-16 14:38:38', 'SUPERADMIN', '1250<img src=\"http://localhost:8080/static/res/layui/images/face/0.gif\" alt=\"[]\">');

-- ----------------------------
-- Table structure for t_user
-- ----------------------------
DROP TABLE IF EXISTS `t_user`;
CREATE TABLE `t_user` (
  `id` varchar(36) NOT NULL COMMENT 'ID UUID',
  `create_time` datetime DEFAULT NULL COMMENT '',
  `create_user` varchar(36) DEFAULT NULL COMMENT '',
  `userName` varchar(36) NOT NULL COMMENT '',
  `password` varchar(36) NOT NULL COMMENT '',
  `roleType` varchar(36) DEFAULT NULL COMMENT '',
  `email` varchar(36) DEFAULT NULL COMMENT '',
  `name` varchar(36) DEFAULT NULL COMMENT '',
  PRIMARY KEY (`id`)
) ENGINE=InnoDB DEFAULT CHARSET=utf8 COMMENT='';

-- ----------------------------
-- Records of t_user
-- ----------------------------
INSERT INTO `t_user` VALUES ('24d74d8f2d4543238eb242732ba59358', '2018-02-23 15:09:48', 'a438837583', 'a438837583', 'fc1709d0a95a6be30bc5926fdb7f22f4', 'normal', '438837583@qq.com', '');
INSERT INTO `t_user` VALUES ('462170a20a3c43f6a07a8a63439607a1', '2018-03-10 00:08:45', 'jyc', 'jyc', 'fc1709d0a95a6be30bc5926fdb7f22f4', 'normal', '101666@139.com', '');
INSERT INTO `t_user` VALUES ('ad5d3f9301c8441388b5f293df9db6e392', '2018-02-12 11:00:11', 'jiangyincai', 'jiangyincai', '4af1effddc1bbf0fbca2f0dff09353bf', 'normal', '101@qq.com', '**');
INSERT INTO `t_user` VALUES ('d055c3e421fab4006878954f023a49ca99', '2018-02-11 12:24:48', 'superadmin', 'superadmin', 'fc1709d0a95a6be30bc5926fdb7f22f4', 'superadmin', '123@qq.com', '');
INSERT INTO `t_user` VALUES ('fa14097b2a56940a892b361ccd9fbe6b', '2018-02-11 14:58:59', 'admin', 'admin', 'fc1709d0a95a6be30bc5926fdb7f22f4', 'admin', 'admin@qq.com', '');
